id	sex	population	region	dataset
HG00096	M	GBR	EUR	KGP
HG00097	F	GBR	EUR	KGP
HG00099	F	GBR	EUR	KGP
HG00100	F	GBR	EUR	KGP
HG00101	M	GBR	EUR	KGP
HG00102	F	GBR	EUR	KGP
HG00103	M	GBR	EUR	KGP
HG00105	M	GBR	EUR	KGP
HG00106	F	GBR	EUR	KGP
HG00107	M	GBR	EUR	KGP
HG00108	M	GBR	EUR	KGP
HG00109	M	GBR	EUR	KGP
HG00110	F	GBR	EUR	KGP
HG00111	F	GBR	EUR	KGP
HG00112	M	GBR	EUR	KGP
HG00113	M	GBR	EUR	KGP
HG00114	M	GBR	EUR	KGP
HG00115	M	GBR	EUR	KGP
HG00116	M	GBR	EUR	KGP
HG00117	M	GBR	EUR	KGP
HG00118	F	GBR	EUR	KGP
HG00119	M	GBR	EUR	KGP
HG00120	F	GBR	EUR	KGP
HG00121	F	GBR	EUR	KGP
HG00122	F	GBR	EUR	KGP
HG00123	F	GBR	EUR	KGP
HG00125	F	GBR	EUR	KGP
HG00126	M	GBR	EUR	KGP
HG00127	F	GBR	EUR	KGP
HG00128	F	GBR	EUR	KGP
HG00129	M	GBR	EUR	KGP
HG00130	F	GBR	EUR	KGP
HG00131	M	GBR	EUR	KGP
HG00132	F	GBR	EUR	KGP
HG00133	F	GBR	EUR	KGP
HG00136	M	GBR	EUR	KGP
HG00137	F	GBR	EUR	KGP
HG00138	M	GBR	EUR	KGP
HG00139	M	GBR	EUR	KGP
HG00140	M	GBR	EUR	KGP
HG00141	M	GBR	EUR	KGP
HG00142	M	GBR	EUR	KGP
HG00143	M	GBR	EUR	KGP
HG00145	M	GBR	EUR	KGP
HG00146	F	GBR	EUR	KGP
HG00148	M	GBR	EUR	KGP
HG00149	M	GBR	EUR	KGP
HG00150	F	GBR	EUR	KGP
HG00151	M	GBR	EUR	KGP
HG00154	F	GBR	EUR	KGP
HG00155	M	GBR	EUR	KGP
HG00157	M	GBR	EUR	KGP
HG00158	F	GBR	EUR	KGP
HG00159	M	GBR	EUR	KGP
HG00160	M	GBR	EUR	KGP
HG00171	F	FIN	EUR	KGP
HG00173	F	FIN	EUR	KGP
HG00174	F	FIN	EUR	KGP
HG00176	F	FIN	EUR	KGP
HG00177	F	FIN	EUR	KGP
HG00178	F	FIN	EUR	KGP
HG00179	F	FIN	EUR	KGP
HG00180	F	FIN	EUR	KGP
HG00181	M	FIN	EUR	KGP
HG00182	M	FIN	EUR	KGP
HG00183	M	FIN	EUR	KGP
HG00185	M	FIN	EUR	KGP
HG00186	M	FIN	EUR	KGP
HG00187	M	FIN	EUR	KGP
HG00188	M	FIN	EUR	KGP
HG00189	M	FIN	EUR	KGP
HG00190	M	FIN	EUR	KGP
HG00231	F	GBR	EUR	KGP
HG00232	F	GBR	EUR	KGP
HG00233	F	GBR	EUR	KGP
HG00234	M	GBR	EUR	KGP
HG00235	F	GBR	EUR	KGP
HG00236	F	GBR	EUR	KGP
HG00237	F	GBR	EUR	KGP
HG00238	F	GBR	EUR	KGP
HG00239	F	GBR	EUR	KGP
HG00240	F	GBR	EUR	KGP
HG00242	M	GBR	EUR	KGP
HG00243	M	GBR	EUR	KGP
HG00244	M	GBR	EUR	KGP
HG00245	F	GBR	EUR	KGP
HG00246	M	GBR	EUR	KGP
HG00250	F	GBR	EUR	KGP
HG00251	M	GBR	EUR	KGP
HG00252	M	GBR	EUR	KGP
HG00253	F	GBR	EUR	KGP
HG00254	F	GBR	EUR	KGP
HG00255	F	GBR	EUR	KGP
HG00256	M	GBR	EUR	KGP
HG00257	F	GBR	EUR	KGP
HG00258	F	GBR	EUR	KGP
HG00259	F	GBR	EUR	KGP
HG00260	M	GBR	EUR	KGP
HG00261	F	GBR	EUR	KGP
HG00262	F	GBR	EUR	KGP
HG00263	F	GBR	EUR	KGP
HG00264	M	GBR	EUR	KGP
HG00265	M	GBR	EUR	KGP
HG00266	F	FIN	EUR	KGP
HG00267	M	FIN	EUR	KGP
HG00268	F	FIN	EUR	KGP
HG00269	F	FIN	EUR	KGP
HG00271	M	FIN	EUR	KGP
HG00272	F	FIN	EUR	KGP
HG00273	M	FIN	EUR	KGP
HG00274	F	FIN	EUR	KGP
HG00275	F	FIN	EUR	KGP
HG00276	F	FIN	EUR	KGP
HG00277	M	FIN	EUR	KGP
HG00278	M	FIN	EUR	KGP
HG00280	M	FIN	EUR	KGP
HG00281	F	FIN	EUR	KGP
HG00282	F	FIN	EUR	KGP
HG00284	M	FIN	EUR	KGP
HG00285	F	FIN	EUR	KGP
HG00288	F	FIN	EUR	KGP
HG00290	M	FIN	EUR	KGP
HG00304	F	FIN	EUR	KGP
HG00306	F	FIN	EUR	KGP
HG00308	M	FIN	EUR	KGP
HG00309	F	FIN	EUR	KGP
HG00310	M	FIN	EUR	KGP
HG00311	M	FIN	EUR	KGP
HG00313	F	FIN	EUR	KGP
HG00315	F	FIN	EUR	KGP
HG00318	F	FIN	EUR	KGP
HG00319	F	FIN	EUR	KGP
HG00320	F	FIN	EUR	KGP
HG00321	M	FIN	EUR	KGP
HG00323	F	FIN	EUR	KGP
HG00324	F	FIN	EUR	KGP
HG00325	M	FIN	EUR	KGP
HG00326	F	FIN	EUR	KGP
HG00327	F	FIN	EUR	KGP
HG00328	F	FIN	EUR	KGP
HG00329	M	FIN	EUR	KGP
HG00330	F	FIN	EUR	KGP
HG00331	F	FIN	EUR	KGP
HG00332	F	FIN	EUR	KGP
HG00334	F	FIN	EUR	KGP
HG00335	M	FIN	EUR	KGP
HG00336	M	FIN	EUR	KGP
HG00337	F	FIN	EUR	KGP
HG00338	M	FIN	EUR	KGP
HG00339	F	FIN	EUR	KGP
HG00341	M	FIN	EUR	KGP
HG00342	M	FIN	EUR	KGP
HG00343	F	FIN	EUR	KGP
HG00344	F	FIN	EUR	KGP
HG00345	M	FIN	EUR	KGP
HG00346	F	FIN	EUR	KGP
HG00349	F	FIN	EUR	KGP
HG00350	F	FIN	EUR	KGP
HG00351	M	FIN	EUR	KGP
HG00353	F	FIN	EUR	KGP
HG00355	F	FIN	EUR	KGP
HG00356	F	FIN	EUR	KGP
HG00357	F	FIN	EUR	KGP
HG00358	M	FIN	EUR	KGP
HG00360	M	FIN	EUR	KGP
HG00361	F	FIN	EUR	KGP
HG00362	F	FIN	EUR	KGP
HG00364	F	FIN	EUR	KGP
HG00365	F	FIN	EUR	KGP
HG00366	M	FIN	EUR	KGP
HG00367	F	FIN	EUR	KGP
HG00368	F	FIN	EUR	KGP
HG00369	M	FIN	EUR	KGP
HG00371	M	FIN	EUR	KGP
HG00372	M	FIN	EUR	KGP
HG00373	F	FIN	EUR	KGP
HG00375	M	FIN	EUR	KGP
HG00376	F	FIN	EUR	KGP
HG00378	F	FIN	EUR	KGP
HG00379	F	FIN	EUR	KGP
HG00380	F	FIN	EUR	KGP
HG00381	F	FIN	EUR	KGP
HG00382	M	FIN	EUR	KGP
HG00383	F	FIN	EUR	KGP
HG00384	F	FIN	EUR	KGP
HG00403	M	CHS	EAS	KGP
HG00404	F	CHS	EAS	KGP
HG00405	F	CHS	EAS	KGP
HG00406	M	CHS	EAS	KGP
HG00407	F	CHS	EAS	KGP
HG00408	F	CHS	EAS	KGP
HG00409	M	CHS	EAS	KGP
HG00410	F	CHS	EAS	KGP
HG00418	M	CHS	EAS	KGP
HG00419	F	CHS	EAS	KGP
HG00420	M	CHS	EAS	KGP
HG00421	M	CHS	EAS	KGP
HG00422	F	CHS	EAS	KGP
HG00423	F	CHS	EAS	KGP
HG00427	M	CHS	EAS	KGP
HG00428	F	CHS	EAS	KGP
HG00429	M	CHS	EAS	KGP
HG00436	M	CHS	EAS	KGP
HG00437	F	CHS	EAS	KGP
HG00438	F	CHS	EAS	KGP
HG00442	M	CHS	EAS	KGP
HG00443	F	CHS	EAS	KGP
HG00444	M	CHS	EAS	KGP
HG00445	M	CHS	EAS	KGP
HG00446	F	CHS	EAS	KGP
HG00447	F	CHS	EAS	KGP
HG00448	M	CHS	EAS	KGP
HG00449	F	CHS	EAS	KGP
HG00450	F	CHS	EAS	KGP
HG00451	M	CHS	EAS	KGP
HG00452	F	CHS	EAS	KGP
HG00453	F	CHS	EAS	KGP
HG00457	M	CHS	EAS	KGP
HG00458	F	CHS	EAS	KGP
HG00459	M	CHS	EAS	KGP
HG00463	M	CHS	EAS	KGP
HG00464	F	CHS	EAS	KGP
HG00465	M	CHS	EAS	KGP
HG00472	M	CHS	EAS	KGP
HG00473	F	CHS	EAS	KGP
HG00474	M	CHS	EAS	KGP
HG00475	M	CHS	EAS	KGP
HG00476	F	CHS	EAS	KGP
HG00477	M	CHS	EAS	KGP
HG00478	M	CHS	EAS	KGP
HG00479	F	CHS	EAS	KGP
HG00480	M	CHS	EAS	KGP
HG00500	M	CHS	EAS	KGP
HG00501	F	CHS	EAS	KGP
HG00502	M	CHS	EAS	KGP
HG00512	M	CHS	EAS	KGP
HG00513	F	CHS	EAS	KGP
HG00514	F	CHS	EAS	KGP
HG00524	M	CHS	EAS	KGP
HG00525	F	CHS	EAS	KGP
HG00526	M	CHS	EAS	KGP
HG00530	M	CHS	EAS	KGP
HG00531	F	CHS	EAS	KGP
HG00532	M	CHS	EAS	KGP
HG00533	M	CHS	EAS	KGP
HG00534	F	CHS	EAS	KGP
HG00535	M	CHS	EAS	KGP
HG00536	M	CHS	EAS	KGP
HG00537	F	CHS	EAS	KGP
HG00538	M	CHS	EAS	KGP
HG00542	M	CHS	EAS	KGP
HG00543	F	CHS	EAS	KGP
HG00544	F	CHS	EAS	KGP
HG00551	F	PUR	AMR	KGP
HG00552	M	PUR	AMR	KGP
HG00553	M	PUR	AMR	KGP
HG00554	F	PUR	AMR	KGP
HG00555	F	PUR	AMR	KGP
HG00556	M	CHS	EAS	KGP
HG00557	F	CHS	EAS	KGP
HG00558	F	CHS	EAS	KGP
HG00559	M	CHS	EAS	KGP
HG00560	F	CHS	EAS	KGP
HG00561	F	CHS	EAS	KGP
HG00565	M	CHS	EAS	KGP
HG00566	F	CHS	EAS	KGP
HG00567	M	CHS	EAS	KGP
HG00577	M	CHS	EAS	KGP
HG00578	F	CHS	EAS	KGP
HG00579	F	CHS	EAS	KGP
HG00580	M	CHS	EAS	KGP
HG00581	F	CHS	EAS	KGP
HG00582	F	CHS	EAS	KGP
HG00583	M	CHS	EAS	KGP
HG00584	F	CHS	EAS	KGP
HG00585	F	CHS	EAS	KGP
HG00589	M	CHS	EAS	KGP
HG00590	F	CHS	EAS	KGP
HG00591	M	CHS	EAS	KGP
HG00592	M	CHS	EAS	KGP
HG00593	F	CHS	EAS	KGP
HG00594	M	CHS	EAS	KGP
HG00595	M	CHS	EAS	KGP
HG00596	F	CHS	EAS	KGP
HG00597	F	CHS	EAS	KGP
HG00598	M	CHS	EAS	KGP
HG00599	F	CHS	EAS	KGP
HG00607	M	CHS	EAS	KGP
HG00608	F	CHS	EAS	KGP
HG00609	M	CHS	EAS	KGP
HG00610	M	CHS	EAS	KGP
HG00611	F	CHS	EAS	KGP
HG00612	F	CHS	EAS	KGP
HG00613	M	CHS	EAS	KGP
HG00614	F	CHS	EAS	KGP
HG00615	F	CHS	EAS	KGP
HG00619	M	CHS	EAS	KGP
HG00620	F	CHS	EAS	KGP
HG00621	M	CHS	EAS	KGP
HG00622	M	CHS	EAS	KGP
HG00623	F	CHS	EAS	KGP
HG00625	M	CHS	EAS	KGP
HG00626	F	CHS	EAS	KGP
HG00627	M	CHS	EAS	KGP
HG00628	M	CHS	EAS	KGP
HG00629	F	CHS	EAS	KGP
HG00630	M	CHS	EAS	KGP
HG00631	M	CHS	EAS	KGP
HG00632	F	CHS	EAS	KGP
HG00634	M	CHS	EAS	KGP
HG00635	F	CHS	EAS	KGP
HG00636	M	CHS	EAS	KGP
HG00637	M	PUR	AMR	KGP
HG00638	F	PUR	AMR	KGP
HG00639	F	PUR	AMR	KGP
HG00640	M	PUR	AMR	KGP
HG00641	F	PUR	AMR	KGP
HG00642	M	PUR	AMR	KGP
HG00650	M	CHS	EAS	KGP
HG00651	F	CHS	EAS	KGP
HG00652	F	CHS	EAS	KGP
HG00653	M	CHS	EAS	KGP
HG00654	F	CHS	EAS	KGP
HG00655	F	CHS	EAS	KGP
HG00656	M	CHS	EAS	KGP
HG00657	F	CHS	EAS	KGP
HG00658	M	CHS	EAS	KGP
HG00662	M	CHS	EAS	KGP
HG00663	F	CHS	EAS	KGP
HG00664	M	CHS	EAS	KGP
HG00671	M	CHS	EAS	KGP
HG00672	F	CHS	EAS	KGP
HG00673	M	CHS	EAS	KGP
HG00674	M	CHS	EAS	KGP
HG00675	F	CHS	EAS	KGP
HG00683	M	CHS	EAS	KGP
HG00684	F	CHS	EAS	KGP
HG00685	M	CHS	EAS	KGP
HG00689	M	CHS	EAS	KGP
HG00690	F	CHS	EAS	KGP
HG00691	M	CHS	EAS	KGP
HG00692	M	CHS	EAS	KGP
HG00693	F	CHS	EAS	KGP
HG00694	M	CHS	EAS	KGP
HG00698	M	CHS	EAS	KGP
HG00699	F	CHS	EAS	KGP
HG00700	F	CHS	EAS	KGP
HG00701	M	CHS	EAS	KGP
HG00702	F	CHS	EAS	KGP
HG00703	M	CHS	EAS	KGP
HG00704	M	CHS	EAS	KGP
HG00705	F	CHS	EAS	KGP
HG00706	M	CHS	EAS	KGP
HG00707	M	CHS	EAS	KGP
HG00708	F	CHS	EAS	KGP
HG00709	M	CHS	EAS	KGP
HG00717	F	CHS	EAS	KGP
HG00728	M	CHS	EAS	KGP
HG00729	F	CHS	EAS	KGP
HG00731	M	PUR	AMR	KGP
HG00732	F	PUR	AMR	KGP
HG00733	F	PUR	AMR	KGP
HG00734	F	PUR	AMR	KGP
HG00735	F	PUR	AMR	KGP
HG00736	M	PUR	AMR	KGP
HG00737	F	PUR	AMR	KGP
HG00738	M	PUR	AMR	KGP
HG00739	M	PUR	AMR	KGP
HG00740	F	PUR	AMR	KGP
HG00741	F	PUR	AMR	KGP
HG00742	M	PUR	AMR	KGP
HG00743	F	PUR	AMR	KGP
HG00759	F	CDX	EAS	KGP
HG00766	F	CDX	EAS	KGP
HG00844	M	CDX	EAS	KGP
HG00851	F	CDX	EAS	KGP
HG00864	F	CDX	EAS	KGP
HG00867	F	CDX	EAS	KGP
HG00879	F	CDX	EAS	KGP
HG00881	M	CDX	EAS	KGP
HG00956	F	CDX	EAS	KGP
HG00978	F	CDX	EAS	KGP
HG00982	M	CDX	EAS	KGP
HG01028	M	CDX	EAS	KGP
HG01029	F	CDX	EAS	KGP
HG01031	M	CDX	EAS	KGP
HG01046	F	CDX	EAS	KGP
HG01047	M	PUR	AMR	KGP
HG01048	M	PUR	AMR	KGP
HG01049	F	PUR	AMR	KGP
HG01050	F	PUR	AMR	KGP
HG01051	M	PUR	AMR	KGP
HG01052	F	PUR	AMR	KGP
HG01053	F	PUR	AMR	KGP
HG01054	M	PUR	AMR	KGP
HG01055	F	PUR	AMR	KGP
HG01056	M	PUR	AMR	KGP
HG01058	F	PUR	AMR	KGP
HG01060	M	PUR	AMR	KGP
HG01061	F	PUR	AMR	KGP
HG01062	F	PUR	AMR	KGP
HG01063	M	PUR	AMR	KGP
HG01064	F	PUR	AMR	KGP
HG01066	M	PUR	AMR	KGP
HG01067	F	PUR	AMR	KGP
HG01068	F	PUR	AMR	KGP
HG01069	M	PUR	AMR	KGP
HG01070	F	PUR	AMR	KGP
HG01071	F	PUR	AMR	KGP
HG01072	M	PUR	AMR	KGP
HG01073	F	PUR	AMR	KGP
HG01074	M	PUR	AMR	KGP
HG01075	M	PUR	AMR	KGP
HG01077	F	PUR	AMR	KGP
HG01079	M	PUR	AMR	KGP
HG01080	F	PUR	AMR	KGP
HG01081	F	PUR	AMR	KGP
HG01082	M	PUR	AMR	KGP
HG01083	F	PUR	AMR	KGP
HG01084	F	PUR	AMR	KGP
HG01085	M	PUR	AMR	KGP
HG01086	F	PUR	AMR	KGP
HG01087	F	PUR	AMR	KGP
HG01088	M	PUR	AMR	KGP
HG01089	F	PUR	AMR	KGP
HG01092	F	PUR	AMR	KGP
HG01094	M	PUR	AMR	KGP
HG01095	F	PUR	AMR	KGP
HG01096	M	PUR	AMR	KGP
HG01097	M	PUR	AMR	KGP
HG01098	F	PUR	AMR	KGP
HG01099	M	PUR	AMR	KGP
HG01100	F	PUR	AMR	KGP
HG01101	M	PUR	AMR	KGP
HG01102	F	PUR	AMR	KGP
HG01103	F	PUR	AMR	KGP
HG01104	M	PUR	AMR	KGP
HG01105	F	PUR	AMR	KGP
HG01106	M	PUR	AMR	KGP
HG01107	M	PUR	AMR	KGP
HG01108	F	PUR	AMR	KGP
HG01109	M	PUR	AMR	KGP
HG01110	M	PUR	AMR	KGP
HG01111	F	PUR	AMR	KGP
HG01112	M	CLM	AMR	KGP
HG01113	F	CLM	AMR	KGP
HG01114	F	CLM	AMR	KGP
HG01119	F	CLM	AMR	KGP
HG01121	M	CLM	AMR	KGP
HG01122	F	CLM	AMR	KGP
HG01124	M	CLM	AMR	KGP
HG01125	F	CLM	AMR	KGP
HG01126	M	CLM	AMR	KGP
HG01130	M	CLM	AMR	KGP
HG01131	F	CLM	AMR	KGP
HG01133	M	CLM	AMR	KGP
HG01134	F	CLM	AMR	KGP
HG01135	M	CLM	AMR	KGP
HG01136	M	CLM	AMR	KGP
HG01137	F	CLM	AMR	KGP
HG01138	M	CLM	AMR	KGP
HG01139	M	CLM	AMR	KGP
HG01140	F	CLM	AMR	KGP
HG01141	F	CLM	AMR	KGP
HG01142	M	CLM	AMR	KGP
HG01148	M	CLM	AMR	KGP
HG01149	F	CLM	AMR	KGP
HG01150	F	CLM	AMR	KGP
HG01161	M	PUR	AMR	KGP
HG01162	F	PUR	AMR	KGP
HG01164	M	PUR	AMR	KGP
HG01167	M	PUR	AMR	KGP
HG01168	F	PUR	AMR	KGP
HG01169	F	PUR	AMR	KGP
HG01170	M	PUR	AMR	KGP
HG01171	F	PUR	AMR	KGP
HG01172	M	PUR	AMR	KGP
HG01173	M	PUR	AMR	KGP
HG01174	F	PUR	AMR	KGP
HG01175	F	PUR	AMR	KGP
HG01176	M	PUR	AMR	KGP
HG01177	F	PUR	AMR	KGP
HG01178	M	PUR	AMR	KGP
HG01182	M	PUR	AMR	KGP
HG01183	F	PUR	AMR	KGP
HG01184	F	PUR	AMR	KGP
HG01187	M	PUR	AMR	KGP
HG01188	F	PUR	AMR	KGP
HG01189	M	PUR	AMR	KGP
HG01190	M	PUR	AMR	KGP
HG01191	F	PUR	AMR	KGP
HG01192	M	PUR	AMR	KGP
HG01197	M	PUR	AMR	KGP
HG01198	F	PUR	AMR	KGP
HG01199	M	PUR	AMR	KGP
HG01200	M	PUR	AMR	KGP
HG01204	M	PUR	AMR	KGP
HG01205	F	PUR	AMR	KGP
HG01206	M	PUR	AMR	KGP
HG01241	M	PUR	AMR	KGP
HG01242	F	PUR	AMR	KGP
HG01243	M	PUR	AMR	KGP
HG01247	M	PUR	AMR	KGP
HG01248	F	PUR	AMR	KGP
HG01249	F	PUR	AMR	KGP
HG01250	M	CLM	AMR	KGP
HG01251	F	CLM	AMR	KGP
HG01252	M	CLM	AMR	KGP
HG01253	M	CLM	AMR	KGP
HG01254	F	CLM	AMR	KGP
HG01255	M	CLM	AMR	KGP
HG01256	M	CLM	AMR	KGP
HG01257	F	CLM	AMR	KGP
HG01258	M	CLM	AMR	KGP
HG01259	M	CLM	AMR	KGP
HG01260	F	CLM	AMR	KGP
HG01261	M	CLM	AMR	KGP
HG01269	F	CLM	AMR	KGP
HG01271	M	CLM	AMR	KGP
HG01272	F	CLM	AMR	KGP
HG01273	M	CLM	AMR	KGP
HG01274	M	CLM	AMR	KGP
HG01275	F	CLM	AMR	KGP
HG01276	F	CLM	AMR	KGP
HG01277	M	CLM	AMR	KGP
HG01278	F	CLM	AMR	KGP
HG01279	F	CLM	AMR	KGP
HG01280	M	CLM	AMR	KGP
HG01281	F	CLM	AMR	KGP
HG01284	F	CLM	AMR	KGP
HG01286	M	PUR	AMR	KGP
HG01302	M	PUR	AMR	KGP
HG01303	F	PUR	AMR	KGP
HG01305	M	PUR	AMR	KGP
HG01308	M	PUR	AMR	KGP
HG01311	M	PUR	AMR	KGP
HG01312	F	PUR	AMR	KGP
HG01323	F	PUR	AMR	KGP
HG01325	M	PUR	AMR	KGP
HG01326	F	PUR	AMR	KGP
HG01334	M	GBR	EUR	KGP
HG01341	M	CLM	AMR	KGP
HG01342	F	CLM	AMR	KGP
HG01343	F	CLM	AMR	KGP
HG01344	M	CLM	AMR	KGP
HG01345	F	CLM	AMR	KGP
HG01346	F	CLM	AMR	KGP
HG01347	M	CLM	AMR	KGP
HG01348	F	CLM	AMR	KGP
HG01349	F	CLM	AMR	KGP
HG01350	M	CLM	AMR	KGP
HG01351	F	CLM	AMR	KGP
HG01352	F	CLM	AMR	KGP
HG01353	M	CLM	AMR	KGP
HG01354	F	CLM	AMR	KGP
HG01355	F	CLM	AMR	KGP
HG01356	M	CLM	AMR	KGP
HG01357	F	CLM	AMR	KGP
HG01358	M	CLM	AMR	KGP
HG01359	M	CLM	AMR	KGP
HG01360	F	CLM	AMR	KGP
HG01361	F	CLM	AMR	KGP
HG01362	M	CLM	AMR	KGP
HG01363	F	CLM	AMR	KGP
HG01365	M	CLM	AMR	KGP
HG01366	F	CLM	AMR	KGP
HG01367	F	CLM	AMR	KGP
HG01369	F	CLM	AMR	KGP
HG01372	F	CLM	AMR	KGP
HG01374	M	CLM	AMR	KGP
HG01375	F	CLM	AMR	KGP
HG01376	F	CLM	AMR	KGP
HG01377	M	CLM	AMR	KGP
HG01378	F	CLM	AMR	KGP
HG01379	F	CLM	AMR	KGP
HG01383	M	CLM	AMR	KGP
HG01384	F	CLM	AMR	KGP
HG01385	F	CLM	AMR	KGP
HG01389	M	CLM	AMR	KGP
HG01390	F	CLM	AMR	KGP
HG01391	F	CLM	AMR	KGP
HG01392	M	PUR	AMR	KGP
HG01393	F	PUR	AMR	KGP
HG01395	M	PUR	AMR	KGP
HG01396	F	PUR	AMR	KGP
HG01398	M	PUR	AMR	KGP
HG01402	M	PUR	AMR	KGP
HG01403	F	PUR	AMR	KGP
HG01405	M	PUR	AMR	KGP
HG01412	M	PUR	AMR	KGP
HG01413	M	PUR	AMR	KGP
HG01414	F	PUR	AMR	KGP
HG01431	M	CLM	AMR	KGP
HG01432	F	CLM	AMR	KGP
HG01433	M	CLM	AMR	KGP
HG01435	F	CLM	AMR	KGP
HG01437	M	CLM	AMR	KGP
HG01438	F	CLM	AMR	KGP
HG01439	F	CLM	AMR	KGP
HG01440	M	CLM	AMR	KGP
HG01441	F	CLM	AMR	KGP
HG01443	M	CLM	AMR	KGP
HG01444	F	CLM	AMR	KGP
HG01447	F	CLM	AMR	KGP
HG01455	M	CLM	AMR	KGP
HG01456	F	CLM	AMR	KGP
HG01457	M	CLM	AMR	KGP
HG01459	F	CLM	AMR	KGP
HG01461	M	CLM	AMR	KGP
HG01462	F	CLM	AMR	KGP
HG01463	F	CLM	AMR	KGP
HG01464	M	CLM	AMR	KGP
HG01465	F	CLM	AMR	KGP
HG01466	F	CLM	AMR	KGP
HG01468	F	CLM	AMR	KGP
HG01474	F	CLM	AMR	KGP
HG01479	M	CLM	AMR	KGP
HG01485	M	CLM	AMR	KGP
HG01486	F	CLM	AMR	KGP
HG01488	M	CLM	AMR	KGP
HG01489	F	CLM	AMR	KGP
HG01490	F	CLM	AMR	KGP
HG01491	M	CLM	AMR	KGP
HG01492	F	CLM	AMR	KGP
HG01493	F	CLM	AMR	KGP
HG01494	M	CLM	AMR	KGP
HG01495	F	CLM	AMR	KGP
HG01496	F	CLM	AMR	KGP
HG01497	M	CLM	AMR	KGP
HG01498	F	CLM	AMR	KGP
HG01499	M	CLM	AMR	KGP
HG01500	M	IBS	EUR	KGP
HG01501	F	IBS	EUR	KGP
HG01502	M	IBS	EUR	KGP
HG01503	M	IBS	EUR	KGP
HG01504	F	IBS	EUR	KGP
HG01505	M	IBS	EUR	KGP
HG01506	M	IBS	EUR	KGP
HG01507	F	IBS	EUR	KGP
HG01508	M	IBS	EUR	KGP
HG01509	M	IBS	EUR	KGP
HG01510	F	IBS	EUR	KGP
HG01511	F	IBS	EUR	KGP
HG01512	M	IBS	EUR	KGP
HG01513	F	IBS	EUR	KGP
HG01514	F	IBS	EUR	KGP
HG01515	M	IBS	EUR	KGP
HG01516	F	IBS	EUR	KGP
HG01517	F	IBS	EUR	KGP
HG01518	M	IBS	EUR	KGP
HG01519	F	IBS	EUR	KGP
HG01520	F	IBS	EUR	KGP
HG01521	M	IBS	EUR	KGP
HG01522	F	IBS	EUR	KGP
HG01523	M	IBS	EUR	KGP
HG01524	M	IBS	EUR	KGP
HG01525	F	IBS	EUR	KGP
HG01526	M	IBS	EUR	KGP
HG01527	M	IBS	EUR	KGP
HG01528	F	IBS	EUR	KGP
HG01529	M	IBS	EUR	KGP
HG01530	M	IBS	EUR	KGP
HG01531	F	IBS	EUR	KGP
HG01532	M	IBS	EUR	KGP
HG01536	M	IBS	EUR	KGP
HG01537	F	IBS	EUR	KGP
HG01538	F	IBS	EUR	KGP
HG01550	M	CLM	AMR	KGP
HG01551	F	CLM	AMR	KGP
HG01552	M	CLM	AMR	KGP
HG01556	M	CLM	AMR	KGP
HG01565	M	PEL	AMR	KGP
HG01566	F	PEL	AMR	KGP
HG01567	F	PEL	AMR	KGP
HG01571	M	PEL	AMR	KGP
HG01572	F	PEL	AMR	KGP
HG01573	F	PEL	AMR	KGP
HG01577	M	PEL	AMR	KGP
HG01578	F	PEL	AMR	KGP
HG01579	M	PEL	AMR	KGP
HG01583	M	PJL	SAS	KGP
HG01586	M	PJL	SAS	KGP
HG01589	M	PJL	SAS	KGP
HG01593	F	PJL	SAS	KGP
HG01595	F	KHV	EAS	KGP
HG01596	M	KHV	EAS	KGP
HG01597	F	KHV	EAS	KGP
HG01598	F	KHV	EAS	KGP
HG01599	F	KHV	EAS	KGP
HG01600	F	KHV	EAS	KGP
HG01601	M	IBS	EUR	KGP
HG01602	F	IBS	EUR	KGP
HG01603	M	IBS	EUR	KGP
HG01604	F	IBS	EUR	KGP
HG01605	F	IBS	EUR	KGP
HG01606	M	IBS	EUR	KGP
HG01607	F	IBS	EUR	KGP
HG01608	M	IBS	EUR	KGP
HG01609	M	IBS	EUR	KGP
HG01610	M	IBS	EUR	KGP
HG01611	M	IBS	EUR	KGP
HG01612	F	IBS	EUR	KGP
HG01613	F	IBS	EUR	KGP
HG01614	F	IBS	EUR	KGP
HG01615	M	IBS	EUR	KGP
HG01616	F	IBS	EUR	KGP
HG01617	M	IBS	EUR	KGP
HG01618	F	IBS	EUR	KGP
HG01619	M	IBS	EUR	KGP
HG01620	F	IBS	EUR	KGP
HG01621	M	IBS	EUR	KGP
HG01622	F	IBS	EUR	KGP
HG01623	F	IBS	EUR	KGP
HG01624	M	IBS	EUR	KGP
HG01625	M	IBS	EUR	KGP
HG01626	F	IBS	EUR	KGP
HG01627	M	IBS	EUR	KGP
HG01628	F	IBS	EUR	KGP
HG01629	M	IBS	EUR	KGP
HG01630	M	IBS	EUR	KGP
HG01631	M	IBS	EUR	KGP
HG01632	F	IBS	EUR	KGP
HG01633	M	IBS	EUR	KGP
HG01667	M	IBS	EUR	KGP
HG01668	F	IBS	EUR	KGP
HG01669	M	IBS	EUR	KGP
HG01670	F	IBS	EUR	KGP
HG01671	M	IBS	EUR	KGP
HG01672	M	IBS	EUR	KGP
HG01673	F	IBS	EUR	KGP
HG01674	M	IBS	EUR	KGP
HG01675	M	IBS	EUR	KGP
HG01676	F	IBS	EUR	KGP
HG01677	F	IBS	EUR	KGP
HG01678	M	IBS	EUR	KGP
HG01679	F	IBS	EUR	KGP
HG01680	M	IBS	EUR	KGP
HG01681	F	IBS	EUR	KGP
HG01682	M	IBS	EUR	KGP
HG01683	M	IBS	EUR	KGP
HG01684	F	IBS	EUR	KGP
HG01685	F	IBS	EUR	KGP
HG01686	M	IBS	EUR	KGP
HG01687	F	IBS	EUR	KGP
HG01694	M	IBS	EUR	KGP
HG01695	F	IBS	EUR	KGP
HG01696	M	IBS	EUR	KGP
HG01697	F	IBS	EUR	KGP
HG01698	M	IBS	EUR	KGP
HG01699	M	IBS	EUR	KGP
HG01700	M	IBS	EUR	KGP
HG01701	M	IBS	EUR	KGP
HG01702	F	IBS	EUR	KGP
HG01703	M	IBS	EUR	KGP
HG01704	F	IBS	EUR	KGP
HG01705	M	IBS	EUR	KGP
HG01706	F	IBS	EUR	KGP
HG01707	F	IBS	EUR	KGP
HG01708	M	IBS	EUR	KGP
HG01709	M	IBS	EUR	KGP
HG01710	F	IBS	EUR	KGP
HG01711	F	IBS	EUR	KGP
HG01746	F	IBS	EUR	KGP
HG01747	M	IBS	EUR	KGP
HG01748	M	IBS	EUR	KGP
HG01755	F	IBS	EUR	KGP
HG01756	M	IBS	EUR	KGP
HG01757	F	IBS	EUR	KGP
HG01761	M	IBS	EUR	KGP
HG01762	F	IBS	EUR	KGP
HG01763	F	IBS	EUR	KGP
HG01765	M	IBS	EUR	KGP
HG01766	F	IBS	EUR	KGP
HG01767	M	IBS	EUR	KGP
HG01768	F	IBS	EUR	KGP
HG01770	F	IBS	EUR	KGP
HG01771	M	IBS	EUR	KGP
HG01772	F	IBS	EUR	KGP
HG01773	F	IBS	EUR	KGP
HG01774	M	IBS	EUR	KGP
HG01775	M	IBS	EUR	KGP
HG01776	F	IBS	EUR	KGP
HG01777	M	IBS	EUR	KGP
HG01778	M	IBS	EUR	KGP
HG01779	F	IBS	EUR	KGP
HG01780	M	IBS	EUR	KGP
HG01781	M	IBS	EUR	KGP
HG01782	F	IBS	EUR	KGP
HG01783	M	IBS	EUR	KGP
HG01784	F	IBS	EUR	KGP
HG01785	M	IBS	EUR	KGP
HG01786	F	IBS	EUR	KGP
HG01789	M	GBR	EUR	KGP
HG01790	F	GBR	EUR	KGP
HG01791	M	GBR	EUR	KGP
HG01794	F	CDX	EAS	KGP
HG01795	F	CDX	EAS	KGP
HG01796	F	CDX	EAS	KGP
HG01797	F	CDX	EAS	KGP
HG01798	F	CDX	EAS	KGP
HG01799	F	CDX	EAS	KGP
HG01800	F	CDX	EAS	KGP
HG01801	F	CDX	EAS	KGP
HG01802	F	CDX	EAS	KGP
HG01804	F	CDX	EAS	KGP
HG01805	F	CDX	EAS	KGP
HG01806	F	CDX	EAS	KGP
HG01807	F	CDX	EAS	KGP
HG01808	F	CDX	EAS	KGP
HG01809	F	CDX	EAS	KGP
HG01810	M	CDX	EAS	KGP
HG01811	M	CDX	EAS	KGP
HG01812	F	CDX	EAS	KGP
HG01813	F	CDX	EAS	KGP
HG01815	F	CDX	EAS	KGP
HG01816	M	CDX	EAS	KGP
HG01817	F	CDX	EAS	KGP
HG01840	M	KHV	EAS	KGP
HG01841	F	KHV	EAS	KGP
HG01842	M	KHV	EAS	KGP
HG01843	F	KHV	EAS	KGP
HG01844	M	KHV	EAS	KGP
HG01845	F	KHV	EAS	KGP
HG01846	M	KHV	EAS	KGP
HG01847	F	KHV	EAS	KGP
HG01848	F	KHV	EAS	KGP
HG01849	M	KHV	EAS	KGP
HG01850	F	KHV	EAS	KGP
HG01851	F	KHV	EAS	KGP
HG01852	M	KHV	EAS	KGP
HG01853	F	KHV	EAS	KGP
HG01855	F	KHV	EAS	KGP
HG01857	F	KHV	EAS	KGP
HG01858	F	KHV	EAS	KGP
HG01859	F	KHV	EAS	KGP
HG01860	M	KHV	EAS	KGP
HG01861	M	KHV	EAS	KGP
HG01862	F	KHV	EAS	KGP
HG01863	F	KHV	EAS	KGP
HG01864	M	KHV	EAS	KGP
HG01865	M	KHV	EAS	KGP
HG01866	M	KHV	EAS	KGP
HG01867	M	KHV	EAS	KGP
HG01868	F	KHV	EAS	KGP
HG01869	F	KHV	EAS	KGP
HG01870	F	KHV	EAS	KGP
HG01871	F	KHV	EAS	KGP
HG01872	M	KHV	EAS	KGP
HG01873	M	KHV	EAS	KGP
HG01874	F	KHV	EAS	KGP
HG01878	F	KHV	EAS	KGP
HG01879	M	ACB	AFR	KGP
HG01880	F	ACB	AFR	KGP
HG01881	F	ACB	AFR	KGP
HG01882	M	ACB	AFR	KGP
HG01883	F	ACB	AFR	KGP
HG01884	F	ACB	AFR	KGP
HG01885	M	ACB	AFR	KGP
HG01886	F	ACB	AFR	KGP
HG01887	M	ACB	AFR	KGP
HG01888	M	ACB	AFR	KGP
HG01889	F	ACB	AFR	KGP
HG01890	M	ACB	AFR	KGP
HG01891	F	ACB	AFR	KGP
HG01892	M	PEL	AMR	KGP
HG01893	F	PEL	AMR	KGP
HG01894	F	ACB	AFR	KGP
HG01895	M	ACB	AFR	KGP
HG01896	F	ACB	AFR	KGP
HG01897	M	ACB	AFR	KGP
HG01898	F	PEL	AMR	KGP
HG01912	M	ACB	AFR	KGP
HG01914	M	ACB	AFR	KGP
HG01915	F	ACB	AFR	KGP
HG01916	F	ACB	AFR	KGP
HG01917	M	PEL	AMR	KGP
HG01918	F	PEL	AMR	KGP
HG01919	F	PEL	AMR	KGP
HG01920	M	PEL	AMR	KGP
HG01921	F	PEL	AMR	KGP
HG01922	F	PEL	AMR	KGP
HG01923	M	PEL	AMR	KGP
HG01924	F	PEL	AMR	KGP
HG01925	F	PEL	AMR	KGP
HG01926	M	PEL	AMR	KGP
HG01927	F	PEL	AMR	KGP
HG01928	M	PEL	AMR	KGP
HG01932	M	PEL	AMR	KGP
HG01933	F	PEL	AMR	KGP
HG01934	M	PEL	AMR	KGP
HG01935	M	PEL	AMR	KGP
HG01936	F	PEL	AMR	KGP
HG01937	M	PEL	AMR	KGP
HG01938	M	PEL	AMR	KGP
HG01939	F	PEL	AMR	KGP
HG01940	F	PEL	AMR	KGP
HG01941	M	PEL	AMR	KGP
HG01942	F	PEL	AMR	KGP
HG01943	M	PEL	AMR	KGP
HG01944	M	PEL	AMR	KGP
HG01945	F	PEL	AMR	KGP
HG01946	M	PEL	AMR	KGP
HG01947	M	PEL	AMR	KGP
HG01948	F	PEL	AMR	KGP
HG01949	F	PEL	AMR	KGP
HG01950	M	PEL	AMR	KGP
HG01951	F	PEL	AMR	KGP
HG01952	M	PEL	AMR	KGP
HG01953	M	PEL	AMR	KGP
HG01954	F	PEL	AMR	KGP
HG01955	F	PEL	AMR	KGP
HG01956	F	ACB	AFR	KGP
HG01958	F	ACB	AFR	KGP
HG01959	F	ACB	AFR	KGP
HG01960	F	ACB	AFR	KGP
HG01961	M	PEL	AMR	KGP
HG01965	F	PEL	AMR	KGP
HG01967	M	PEL	AMR	KGP
HG01968	F	PEL	AMR	KGP
HG01969	F	PEL	AMR	KGP
HG01970	M	PEL	AMR	KGP
HG01971	F	PEL	AMR	KGP
HG01972	F	PEL	AMR	KGP
HG01973	F	PEL	AMR	KGP
HG01974	M	PEL	AMR	KGP
HG01975	F	PEL	AMR	KGP
HG01976	F	PEL	AMR	KGP
HG01977	M	PEL	AMR	KGP
HG01978	F	PEL	AMR	KGP
HG01979	M	PEL	AMR	KGP
HG01980	F	PEL	AMR	KGP
HG01981	F	PEL	AMR	KGP
HG01982	M	PEL	AMR	KGP
HG01983	F	PEL	AMR	KGP
HG01984	M	PEL	AMR	KGP
HG01985	F	ACB	AFR	KGP
HG01986	M	ACB	AFR	KGP
HG01987	M	ACB	AFR	KGP
HG01988	M	ACB	AFR	KGP
HG01989	F	ACB	AFR	KGP
HG01990	M	ACB	AFR	KGP
HG01991	M	PEL	AMR	KGP
HG01992	F	PEL	AMR	KGP
HG01993	F	PEL	AMR	KGP
HG01997	F	PEL	AMR	KGP
HG01998	M	PEL	AMR	KGP
HG02002	M	PEL	AMR	KGP
HG02003	F	PEL	AMR	KGP
HG02004	F	PEL	AMR	KGP
HG02006	F	PEL	AMR	KGP
HG02008	M	PEL	AMR	KGP
HG02009	M	ACB	AFR	KGP
HG02010	F	ACB	AFR	KGP
HG02011	M	ACB	AFR	KGP
HG02012	F	ACB	AFR	KGP
HG02013	M	ACB	AFR	KGP
HG02014	M	ACB	AFR	KGP
HG02015	M	KHV	EAS	KGP
HG02016	F	KHV	EAS	KGP
HG02017	M	KHV	EAS	KGP
HG02018	F	KHV	EAS	KGP
HG02019	F	KHV	EAS	KGP
HG02020	M	KHV	EAS	KGP
HG02023	M	KHV	EAS	KGP
HG02024	F	KHV	EAS	KGP
HG02025	F	KHV	EAS	KGP
HG02026	M	KHV	EAS	KGP
HG02027	M	KHV	EAS	KGP
HG02028	F	KHV	EAS	KGP
HG02029	M	KHV	EAS	KGP
HG02030	M	KHV	EAS	KGP
HG02031	F	KHV	EAS	KGP
HG02032	M	KHV	EAS	KGP
HG02035	M	KHV	EAS	KGP
HG02040	M	KHV	EAS	KGP
HG02047	M	KHV	EAS	KGP
HG02048	F	KHV	EAS	KGP
HG02049	F	KHV	EAS	KGP
HG02050	M	KHV	EAS	KGP
HG02051	M	ACB	AFR	KGP
HG02052	F	ACB	AFR	KGP
HG02053	M	ACB	AFR	KGP
HG02054	F	ACB	AFR	KGP
HG02055	M	ACB	AFR	KGP
HG02056	M	KHV	EAS	KGP
HG02057	F	KHV	EAS	KGP
HG02058	M	KHV	EAS	KGP
HG02059	F	KHV	EAS	KGP
HG02060	F	KHV	EAS	KGP
HG02061	M	KHV	EAS	KGP
HG02064	M	KHV	EAS	KGP
HG02067	M	KHV	EAS	KGP
HG02068	F	KHV	EAS	KGP
HG02069	F	KHV	EAS	KGP
HG02070	M	KHV	EAS	KGP
HG02071	M	KHV	EAS	KGP
HG02072	F	KHV	EAS	KGP
HG02073	M	KHV	EAS	KGP
HG02074	M	KHV	EAS	KGP
HG02075	F	KHV	EAS	KGP
HG02076	M	KHV	EAS	KGP
HG02077	M	KHV	EAS	KGP
HG02078	F	KHV	EAS	KGP
HG02079	M	KHV	EAS	KGP
HG02080	F	KHV	EAS	KGP
HG02081	F	KHV	EAS	KGP
HG02082	M	KHV	EAS	KGP
HG02083	M	KHV	EAS	KGP
HG02084	F	KHV	EAS	KGP
HG02085	M	KHV	EAS	KGP
HG02086	F	KHV	EAS	KGP
HG02087	F	KHV	EAS	KGP
HG02088	M	KHV	EAS	KGP
HG02089	F	PEL	AMR	KGP
HG02090	M	PEL	AMR	KGP
HG02091	F	PEL	AMR	KGP
HG02095	F	ACB	AFR	KGP
HG02102	F	PEL	AMR	KGP
HG02104	M	PEL	AMR	KGP
HG02105	F	PEL	AMR	KGP
HG02106	F	PEL	AMR	KGP
HG02107	M	ACB	AFR	KGP
HG02108	F	ACB	AFR	KGP
HG02111	F	ACB	AFR	KGP
HG02113	F	KHV	EAS	KGP
HG02116	M	KHV	EAS	KGP
HG02120	M	KHV	EAS	KGP
HG02121	F	KHV	EAS	KGP
HG02122	M	KHV	EAS	KGP
HG02126	F	KHV	EAS	KGP
HG02127	F	KHV	EAS	KGP
HG02128	M	KHV	EAS	KGP
HG02129	M	KHV	EAS	KGP
HG02130	F	KHV	EAS	KGP
HG02131	M	KHV	EAS	KGP
HG02132	M	KHV	EAS	KGP
HG02133	F	KHV	EAS	KGP
HG02134	M	KHV	EAS	KGP
HG02135	M	KHV	EAS	KGP
HG02136	F	KHV	EAS	KGP
HG02137	M	KHV	EAS	KGP
HG02138	M	KHV	EAS	KGP
HG02139	F	KHV	EAS	KGP
HG02140	F	KHV	EAS	KGP
HG02141	M	KHV	EAS	KGP
HG02142	F	KHV	EAS	KGP
HG02143	M	ACB	AFR	KGP
HG02144	F	ACB	AFR	KGP
HG02145	M	ACB	AFR	KGP
HG02146	M	PEL	AMR	KGP
HG02147	F	PEL	AMR	KGP
HG02148	F	PEL	AMR	KGP
HG02150	M	PEL	AMR	KGP
HG02151	F	CDX	EAS	KGP
HG02152	F	CDX	EAS	KGP
HG02153	F	CDX	EAS	KGP
HG02154	F	CDX	EAS	KGP
HG02155	F	CDX	EAS	KGP
HG02156	F	CDX	EAS	KGP
HG02164	F	CDX	EAS	KGP
HG02165	F	CDX	EAS	KGP
HG02166	F	CDX	EAS	KGP
HG02178	F	CDX	EAS	KGP
HG02179	F	CDX	EAS	KGP
HG02180	F	CDX	EAS	KGP
HG02181	F	CDX	EAS	KGP
HG02182	F	CDX	EAS	KGP
HG02184	F	CDX	EAS	KGP
HG02185	F	CDX	EAS	KGP
HG02186	F	CDX	EAS	KGP
HG02187	F	CDX	EAS	KGP
HG02188	F	CDX	EAS	KGP
HG02190	F	CDX	EAS	KGP
HG02215	F	GBR	EUR	KGP
HG02219	M	IBS	EUR	KGP
HG02220	F	IBS	EUR	KGP
HG02221	M	IBS	EUR	KGP
HG02222	F	IBS	EUR	KGP
HG02223	F	IBS	EUR	KGP
HG02224	M	IBS	EUR	KGP
HG02225	F	IBS	EUR	KGP
HG02229	F	IBS	EUR	KGP
HG02230	F	IBS	EUR	KGP
HG02231	M	IBS	EUR	KGP
HG02232	F	IBS	EUR	KGP
HG02233	M	IBS	EUR	KGP
HG02234	M	IBS	EUR	KGP
HG02235	F	IBS	EUR	KGP
HG02236	M	IBS	EUR	KGP
HG02237	F	IBS	EUR	KGP
HG02238	M	IBS	EUR	KGP
HG02239	F	IBS	EUR	KGP
HG02240	F	IBS	EUR	KGP
HG02250	M	CDX	EAS	KGP
HG02252	F	PEL	AMR	KGP
HG02253	M	PEL	AMR	KGP
HG02255	M	ACB	AFR	KGP
HG02256	F	ACB	AFR	KGP
HG02257	F	ACB	AFR	KGP
HG02258	M	ACB	AFR	KGP
HG02259	M	PEL	AMR	KGP
HG02260	F	PEL	AMR	KGP
HG02261	M	PEL	AMR	KGP
HG02262	M	PEL	AMR	KGP
HG02265	M	PEL	AMR	KGP
HG02266	F	PEL	AMR	KGP
HG02271	M	PEL	AMR	KGP
HG02272	F	PEL	AMR	KGP
HG02273	F	PEL	AMR	KGP
HG02274	M	PEL	AMR	KGP
HG02275	F	PEL	AMR	KGP
HG02277	M	PEL	AMR	KGP
HG02278	F	PEL	AMR	KGP
HG02279	M	PEL	AMR	KGP
HG02280	F	ACB	AFR	KGP
HG02281	M	ACB	AFR	KGP
HG02282	F	ACB	AFR	KGP
HG02283	M	ACB	AFR	KGP
HG02284	M	ACB	AFR	KGP
HG02285	M	PEL	AMR	KGP
HG02286	F	PEL	AMR	KGP
HG02287	F	PEL	AMR	KGP
HG02291	M	PEL	AMR	KGP
HG02292	F	PEL	AMR	KGP
HG02293	F	PEL	AMR	KGP
HG02298	F	PEL	AMR	KGP
HG02299	M	PEL	AMR	KGP
HG02300	M	PEL	AMR	KGP
HG02301	F	PEL	AMR	KGP
HG02302	M	PEL	AMR	KGP
HG02303	F	PEL	AMR	KGP
HG02304	M	PEL	AMR	KGP
HG02307	M	ACB	AFR	KGP
HG02308	F	ACB	AFR	KGP
HG02309	F	ACB	AFR	KGP
HG02312	F	PEL	AMR	KGP
HG02314	M	ACB	AFR	KGP
HG02315	F	ACB	AFR	KGP
HG02316	M	ACB	AFR	KGP
HG02317	M	ACB	AFR	KGP
HG02318	F	ACB	AFR	KGP
HG02321	F	ACB	AFR	KGP
HG02322	F	ACB	AFR	KGP
HG02323	M	ACB	AFR	KGP
HG02325	F	ACB	AFR	KGP
HG02330	M	ACB	AFR	KGP
HG02332	M	ACB	AFR	KGP
HG02334	M	ACB	AFR	KGP
HG02337	F	ACB	AFR	KGP
HG02339	F	ACB	AFR	KGP
HG02343	M	ACB	AFR	KGP
HG02345	F	PEL	AMR	KGP
HG02348	F	PEL	AMR	KGP
HG02351	M	CDX	EAS	KGP
HG02353	M	CDX	EAS	KGP
HG02355	M	CDX	EAS	KGP
HG02356	M	CDX	EAS	KGP
HG02360	M	CDX	EAS	KGP
HG02364	M	CDX	EAS	KGP
HG02367	M	CDX	EAS	KGP
HG02371	M	CDX	EAS	KGP
HG02373	M	CDX	EAS	KGP
HG02374	M	CDX	EAS	KGP
HG02375	M	CDX	EAS	KGP
HG02379	M	CDX	EAS	KGP
HG02380	M	CDX	EAS	KGP
HG02382	M	CDX	EAS	KGP
HG02383	M	CDX	EAS	KGP
HG02384	M	CDX	EAS	KGP
HG02385	M	CDX	EAS	KGP
HG02386	M	CDX	EAS	KGP
HG02389	M	CDX	EAS	KGP
HG02390	M	CDX	EAS	KGP
HG02391	M	CDX	EAS	KGP
HG02392	M	CDX	EAS	KGP
HG02394	M	CDX	EAS	KGP
HG02395	M	CDX	EAS	KGP
HG02396	M	CDX	EAS	KGP
HG02397	M	CDX	EAS	KGP
HG02398	M	CDX	EAS	KGP
HG02399	M	CDX	EAS	KGP
HG02401	M	CDX	EAS	KGP
HG02402	M	CDX	EAS	KGP
HG02406	M	CDX	EAS	KGP
HG02407	M	CDX	EAS	KGP
HG02408	M	CDX	EAS	KGP
HG02409	M	CDX	EAS	KGP
HG02410	M	CDX	EAS	KGP
HG02419	F	ACB	AFR	KGP
HG02420	M	ACB	AFR	KGP
HG02425	F	PEL	AMR	KGP
HG02427	F	ACB	AFR	KGP
HG02429	M	ACB	AFR	KGP
HG02433	M	ACB	AFR	KGP
HG02439	M	ACB	AFR	KGP
HG02442	M	ACB	AFR	KGP
HG02445	M	ACB	AFR	KGP
HG02449	M	ACB	AFR	KGP
HG02450	F	ACB	AFR	KGP
HG02451	F	ACB	AFR	KGP
HG02455	M	ACB	AFR	KGP
HG02461	M	GWD	AFR	KGP
HG02462	F	GWD	AFR	KGP
HG02463	M	GWD	AFR	KGP
HG02464	M	GWD	AFR	KGP
HG02465	F	GWD	AFR	KGP
HG02466	M	GWD	AFR	KGP
HG02470	M	ACB	AFR	KGP
HG02471	F	ACB	AFR	KGP
HG02476	F	ACB	AFR	KGP
HG02477	F	ACB	AFR	KGP
HG02479	F	ACB	AFR	KGP
HG02481	M	ACB	AFR	KGP
HG02484	M	ACB	AFR	KGP
HG02485	F	ACB	AFR	KGP
HG02489	M	ACB	AFR	KGP
HG02490	M	PJL	SAS	KGP
HG02491	F	PJL	SAS	KGP
HG02492	M	PJL	SAS	KGP
HG02493	M	PJL	SAS	KGP
HG02494	F	PJL	SAS	KGP
HG02495	F	PJL	SAS	KGP
HG02496	M	ACB	AFR	KGP
HG02497	F	ACB	AFR	KGP
HG02501	M	ACB	AFR	KGP
HG02502	F	ACB	AFR	KGP
HG02505	F	ACB	AFR	KGP
HG02508	F	ACB	AFR	KGP
HG02511	F	ACB	AFR	KGP
HG02512	M	KHV	EAS	KGP
HG02513	F	KHV	EAS	KGP
HG02514	M	KHV	EAS	KGP
HG02521	M	KHV	EAS	KGP
HG02522	F	KHV	EAS	KGP
HG02523	F	KHV	EAS	KGP
HG02524	M	KHV	EAS	KGP
HG02525	F	KHV	EAS	KGP
HG02526	F	KHV	EAS	KGP
HG02536	M	ACB	AFR	KGP
HG02537	F	ACB	AFR	KGP
HG02541	M	ACB	AFR	KGP
HG02545	M	ACB	AFR	KGP
HG02546	F	ACB	AFR	KGP
HG02549	F	ACB	AFR	KGP
HG02554	M	ACB	AFR	KGP
HG02555	F	ACB	AFR	KGP
HG02557	M	ACB	AFR	KGP
HG02558	F	ACB	AFR	KGP
HG02561	M	GWD	AFR	KGP
HG02562	F	GWD	AFR	KGP
HG02563	M	GWD	AFR	KGP
HG02568	F	GWD	AFR	KGP
HG02569	M	GWD	AFR	KGP
HG02570	M	GWD	AFR	KGP
HG02571	F	GWD	AFR	KGP
HG02572	M	GWD	AFR	KGP
HG02573	M	GWD	AFR	KGP
HG02574	F	GWD	AFR	KGP
HG02575	M	GWD	AFR	KGP
HG02577	F	ACB	AFR	KGP
HG02580	F	ACB	AFR	KGP
HG02582	M	GWD	AFR	KGP
HG02583	F	GWD	AFR	KGP
HG02584	M	GWD	AFR	KGP
HG02585	M	GWD	AFR	KGP
HG02586	F	GWD	AFR	KGP
HG02587	F	GWD	AFR	KGP
HG02588	M	GWD	AFR	KGP
HG02589	F	GWD	AFR	KGP
HG02590	M	GWD	AFR	KGP
HG02594	M	GWD	AFR	KGP
HG02595	F	GWD	AFR	KGP
HG02596	M	GWD	AFR	KGP
HG02597	M	PJL	SAS	KGP
HG02600	M	PJL	SAS	KGP
HG02601	F	PJL	SAS	KGP
HG02602	M	PJL	SAS	KGP
HG02603	M	PJL	SAS	KGP
HG02604	F	PJL	SAS	KGP
HG02605	F	PJL	SAS	KGP
HG02610	M	GWD	AFR	KGP
HG02611	F	GWD	AFR	KGP
HG02612	M	GWD	AFR	KGP
HG02613	M	GWD	AFR	KGP
HG02614	F	GWD	AFR	KGP
HG02615	F	GWD	AFR	KGP
HG02620	M	GWD	AFR	KGP
HG02621	F	GWD	AFR	KGP
HG02622	F	GWD	AFR	KGP
HG02623	M	GWD	AFR	KGP
HG02624	F	GWD	AFR	KGP
HG02625	M	GWD	AFR	KGP
HG02628	M	GWD	AFR	KGP
HG02629	F	GWD	AFR	KGP
HG02630	F	GWD	AFR	KGP
HG02634	M	GWD	AFR	KGP
HG02635	F	GWD	AFR	KGP
HG02636	M	GWD	AFR	KGP
HG02642	M	GWD	AFR	KGP
HG02643	F	GWD	AFR	KGP
HG02644	M	GWD	AFR	KGP
HG02645	M	GWD	AFR	KGP
HG02646	F	GWD	AFR	KGP
HG02647	M	GWD	AFR	KGP
HG02648	M	PJL	SAS	KGP
HG02649	F	PJL	SAS	KGP
HG02650	M	PJL	SAS	KGP
HG02651	M	PJL	SAS	KGP
HG02652	F	PJL	SAS	KGP
HG02653	F	PJL	SAS	KGP
HG02654	M	PJL	SAS	KGP
HG02655	F	PJL	SAS	KGP
HG02656	M	PJL	SAS	KGP
HG02657	M	PJL	SAS	KGP
HG02658	F	PJL	SAS	KGP
HG02659	F	PJL	SAS	KGP
HG02660	M	PJL	SAS	KGP
HG02661	F	PJL	SAS	KGP
HG02662	F	PJL	SAS	KGP
HG02666	M	GWD	AFR	KGP
HG02667	F	GWD	AFR	KGP
HG02668	M	GWD	AFR	KGP
HG02675	M	GWD	AFR	KGP
HG02676	F	GWD	AFR	KGP
HG02677	F	GWD	AFR	KGP
HG02678	M	GWD	AFR	KGP
HG02679	F	GWD	AFR	KGP
HG02680	F	GWD	AFR	KGP
HG02681	M	PJL	SAS	KGP
HG02682	F	PJL	SAS	KGP
HG02683	F	PJL	SAS	KGP
HG02684	M	PJL	SAS	KGP
HG02685	F	PJL	SAS	KGP
HG02686	M	PJL	SAS	KGP
HG02687	M	PJL	SAS	KGP
HG02688	F	PJL	SAS	KGP
HG02689	M	PJL	SAS	KGP
HG02690	M	PJL	SAS	KGP
HG02691	F	PJL	SAS	KGP
HG02692	F	PJL	SAS	KGP
HG02694	F	PJL	SAS	KGP
HG02696	M	PJL	SAS	KGP
HG02697	F	PJL	SAS	KGP
HG02698	M	PJL	SAS	KGP
HG02699	M	PJL	SAS	KGP
HG02700	F	PJL	SAS	KGP
HG02701	M	PJL	SAS	KGP
HG02702	M	GWD	AFR	KGP
HG02703	F	GWD	AFR	KGP
HG02704	F	GWD	AFR	KGP
HG02715	M	GWD	AFR	KGP
HG02716	F	GWD	AFR	KGP
HG02717	M	GWD	AFR	KGP
HG02721	M	GWD	AFR	KGP
HG02722	F	GWD	AFR	KGP
HG02723	F	GWD	AFR	KGP
HG02724	M	PJL	SAS	KGP
HG02725	F	PJL	SAS	KGP
HG02726	F	PJL	SAS	KGP
HG02727	M	PJL	SAS	KGP
HG02728	F	PJL	SAS	KGP
HG02729	M	PJL	SAS	KGP
HG02731	F	PJL	SAS	KGP
HG02733	M	PJL	SAS	KGP
HG02734	F	PJL	SAS	KGP
HG02735	M	PJL	SAS	KGP
HG02736	M	PJL	SAS	KGP
HG02737	F	PJL	SAS	KGP
HG02738	M	PJL	SAS	KGP
HG02756	M	GWD	AFR	KGP
HG02757	F	GWD	AFR	KGP
HG02759	M	GWD	AFR	KGP
HG02760	F	GWD	AFR	KGP
HG02761	F	GWD	AFR	KGP
HG02762	M	GWD	AFR	KGP
HG02763	F	GWD	AFR	KGP
HG02764	M	GWD	AFR	KGP
HG02768	M	GWD	AFR	KGP
HG02769	F	GWD	AFR	KGP
HG02770	F	GWD	AFR	KGP
HG02771	M	GWD	AFR	KGP
HG02772	F	GWD	AFR	KGP
HG02773	M	GWD	AFR	KGP
HG02774	M	PJL	SAS	KGP
HG02775	F	PJL	SAS	KGP
HG02776	F	PJL	SAS	KGP
HG02778	F	PJL	SAS	KGP
HG02780	M	PJL	SAS	KGP
HG02783	M	PJL	SAS	KGP
HG02784	F	PJL	SAS	KGP
HG02785	F	PJL	SAS	KGP
HG02786	M	PJL	SAS	KGP
HG02787	F	PJL	SAS	KGP
HG02788	F	PJL	SAS	KGP
HG02789	M	PJL	SAS	KGP
HG02790	F	PJL	SAS	KGP
HG02791	M	PJL	SAS	KGP
HG02792	M	PJL	SAS	KGP
HG02793	F	PJL	SAS	KGP
HG02794	M	PJL	SAS	KGP
HG02798	M	GWD	AFR	KGP
HG02799	F	GWD	AFR	KGP
HG02800	M	GWD	AFR	KGP
HG02804	M	GWD	AFR	KGP
HG02805	F	GWD	AFR	KGP
HG02806	F	GWD	AFR	KGP
HG02807	M	GWD	AFR	KGP
HG02808	F	GWD	AFR	KGP
HG02809	F	GWD	AFR	KGP
HG02810	M	GWD	AFR	KGP
HG02811	F	GWD	AFR	KGP
HG02812	M	GWD	AFR	KGP
HG02813	M	GWD	AFR	KGP
HG02814	F	GWD	AFR	KGP
HG02815	M	GWD	AFR	KGP
HG02816	M	GWD	AFR	KGP
HG02817	F	GWD	AFR	KGP
HG02818	F	GWD	AFR	KGP
HG02819	M	GWD	AFR	KGP
HG02820	F	GWD	AFR	KGP
HG02821	M	GWD	AFR	KGP
HG02836	M	GWD	AFR	KGP
HG02837	F	GWD	AFR	KGP
HG02838	M	GWD	AFR	KGP
HG02839	M	GWD	AFR	KGP
HG02840	F	GWD	AFR	KGP
HG02841	F	GWD	AFR	KGP
HG02851	M	GWD	AFR	KGP
HG02852	F	GWD	AFR	KGP
HG02853	M	GWD	AFR	KGP
HG02854	M	GWD	AFR	KGP
HG02855	F	GWD	AFR	KGP
HG02856	M	GWD	AFR	KGP
HG02860	M	GWD	AFR	KGP
HG02861	F	GWD	AFR	KGP
HG02862	F	GWD	AFR	KGP
HG02869	M	GWD	AFR	KGP
HG02870	F	GWD	AFR	KGP
HG02871	F	GWD	AFR	KGP
HG02878	M	GWD	AFR	KGP
HG02879	F	GWD	AFR	KGP
HG02880	F	GWD	AFR	KGP
HG02881	M	GWD	AFR	KGP
HG02882	F	GWD	AFR	KGP
HG02883	M	GWD	AFR	KGP
HG02884	M	GWD	AFR	KGP
HG02885	F	GWD	AFR	KGP
HG02886	F	GWD	AFR	KGP
HG02887	M	GWD	AFR	KGP
HG02888	F	GWD	AFR	KGP
HG02889	F	GWD	AFR	KGP
HG02890	M	GWD	AFR	KGP
HG02891	F	GWD	AFR	KGP
HG02892	M	GWD	AFR	KGP
HG02895	M	GWD	AFR	KGP
HG02896	F	GWD	AFR	KGP
HG02897	F	GWD	AFR	KGP
HG02922	F	ESN	AFR	KGP
HG02923	M	ESN	AFR	KGP
HG02924	M	ESN	AFR	KGP
HG02938	M	ESN	AFR	KGP
HG02941	M	ESN	AFR	KGP
HG02943	F	ESN	AFR	KGP
HG02944	M	ESN	AFR	KGP
HG02945	F	ESN	AFR	KGP
HG02946	F	ESN	AFR	KGP
HG02947	M	ESN	AFR	KGP
HG02948	M	ESN	AFR	KGP
HG02952	F	ESN	AFR	KGP
HG02953	M	ESN	AFR	KGP
HG02954	M	ESN	AFR	KGP
HG02964	F	ESN	AFR	KGP
HG02965	M	ESN	AFR	KGP
HG02966	M	ESN	AFR	KGP
HG02968	M	ESN	AFR	KGP
HG02970	F	ESN	AFR	KGP
HG02971	M	ESN	AFR	KGP
HG02972	M	ESN	AFR	KGP
HG02973	M	ESN	AFR	KGP
HG02974	F	ESN	AFR	KGP
HG02975	M	ESN	AFR	KGP
HG02976	F	ESN	AFR	KGP
HG02977	M	ESN	AFR	KGP
HG02978	F	ESN	AFR	KGP
HG02979	F	ESN	AFR	KGP
HG02980	M	ESN	AFR	KGP
HG02981	M	ESN	AFR	KGP
HG02982	M	GWD	AFR	KGP
HG02983	F	GWD	AFR	KGP
HG02984	M	GWD	AFR	KGP
HG03006	M	BEB	SAS	KGP
HG03007	F	BEB	SAS	KGP
HG03008	M	BEB	SAS	KGP
HG03009	M	BEB	SAS	KGP
HG03012	M	BEB	SAS	KGP
HG03015	M	PJL	SAS	KGP
HG03016	F	PJL	SAS	KGP
HG03017	M	PJL	SAS	KGP
HG03018	M	PJL	SAS	KGP
HG03019	F	PJL	SAS	KGP
HG03021	M	PJL	SAS	KGP
HG03022	F	PJL	SAS	KGP
HG03024	M	GWD	AFR	KGP
HG03025	F	GWD	AFR	KGP
HG03026	F	GWD	AFR	KGP
HG03027	M	GWD	AFR	KGP
HG03028	F	GWD	AFR	KGP
HG03029	M	GWD	AFR	KGP
HG03033	M	GWD	AFR	KGP
HG03034	F	GWD	AFR	KGP
HG03035	M	GWD	AFR	KGP
HG03039	M	GWD	AFR	KGP
HG03040	F	GWD	AFR	KGP
HG03041	F	GWD	AFR	KGP
HG03045	M	GWD	AFR	KGP
HG03046	F	GWD	AFR	KGP
HG03047	F	GWD	AFR	KGP
HG03048	M	GWD	AFR	KGP
HG03049	F	GWD	AFR	KGP
HG03050	M	GWD	AFR	KGP
HG03052	F	MSL	AFR	KGP
HG03054	M	MSL	AFR	KGP
HG03055	F	MSL	AFR	KGP
HG03056	M	MSL	AFR	KGP
HG03057	M	MSL	AFR	KGP
HG03058	F	MSL	AFR	KGP
HG03060	M	MSL	AFR	KGP
HG03061	F	MSL	AFR	KGP
HG03063	M	MSL	AFR	KGP
HG03064	F	MSL	AFR	KGP
HG03065	M	MSL	AFR	KGP
HG03066	M	MSL	AFR	KGP
HG03069	M	MSL	AFR	KGP
HG03072	M	MSL	AFR	KGP
HG03073	F	MSL	AFR	KGP
HG03074	M	MSL	AFR	KGP
HG03077	M	MSL	AFR	KGP
HG03078	M	MSL	AFR	KGP
HG03079	F	MSL	AFR	KGP
HG03081	M	MSL	AFR	KGP
HG03082	F	MSL	AFR	KGP
HG03084	M	MSL	AFR	KGP
HG03085	F	MSL	AFR	KGP
HG03086	F	MSL	AFR	KGP
HG03088	F	MSL	AFR	KGP
HG03091	F	MSL	AFR	KGP
HG03095	F	MSL	AFR	KGP
HG03096	M	MSL	AFR	KGP
HG03097	F	MSL	AFR	KGP
HG03098	M	MSL	AFR	KGP
HG03099	F	ESN	AFR	KGP
HG03100	M	ESN	AFR	KGP
HG03101	M	ESN	AFR	KGP
HG03103	M	ESN	AFR	KGP
HG03105	F	ESN	AFR	KGP
HG03108	F	ESN	AFR	KGP
HG03109	M	ESN	AFR	KGP
HG03110	F	ESN	AFR	KGP
HG03111	F	ESN	AFR	KGP
HG03112	M	ESN	AFR	KGP
HG03113	F	ESN	AFR	KGP
HG03114	F	ESN	AFR	KGP
HG03115	M	ESN	AFR	KGP
HG03116	F	ESN	AFR	KGP
HG03117	F	ESN	AFR	KGP
HG03118	M	ESN	AFR	KGP
HG03119	F	ESN	AFR	KGP
HG03120	M	ESN	AFR	KGP
HG03121	F	ESN	AFR	KGP
HG03122	M	ESN	AFR	KGP
HG03123	F	ESN	AFR	KGP
HG03124	M	ESN	AFR	KGP
HG03125	F	ESN	AFR	KGP
HG03126	F	ESN	AFR	KGP
HG03127	M	ESN	AFR	KGP
HG03128	M	ESN	AFR	KGP
HG03129	F	ESN	AFR	KGP
HG03130	M	ESN	AFR	KGP
HG03131	M	ESN	AFR	KGP
HG03132	F	ESN	AFR	KGP
HG03133	M	ESN	AFR	KGP
HG03134	M	ESN	AFR	KGP
HG03135	F	ESN	AFR	KGP
HG03136	M	ESN	AFR	KGP
HG03137	M	ESN	AFR	KGP
HG03139	M	ESN	AFR	KGP
HG03157	M	ESN	AFR	KGP
HG03159	F	ESN	AFR	KGP
HG03160	M	ESN	AFR	KGP
HG03161	M	ESN	AFR	KGP
HG03162	F	ESN	AFR	KGP
HG03163	M	ESN	AFR	KGP
HG03164	F	ESN	AFR	KGP
HG03166	M	ESN	AFR	KGP
HG03168	F	ESN	AFR	KGP
HG03169	M	ESN	AFR	KGP
HG03170	M	ESN	AFR	KGP
HG03172	M	ESN	AFR	KGP
HG03175	M	ESN	AFR	KGP
HG03189	F	ESN	AFR	KGP
HG03190	M	ESN	AFR	KGP
HG03191	M	ESN	AFR	KGP
HG03193	M	ESN	AFR	KGP
HG03195	F	ESN	AFR	KGP
HG03196	M	ESN	AFR	KGP
HG03197	M	ESN	AFR	KGP
HG03198	F	ESN	AFR	KGP
HG03199	M	ESN	AFR	KGP
HG03200	F	ESN	AFR	KGP
HG03202	M	ESN	AFR	KGP
HG03209	M	MSL	AFR	KGP
HG03212	F	MSL	AFR	KGP
HG03224	M	MSL	AFR	KGP
HG03225	M	MSL	AFR	KGP
HG03228	M	PJL	SAS	KGP
HG03229	F	PJL	SAS	KGP
HG03230	F	PJL	SAS	KGP
HG03234	M	PJL	SAS	KGP
HG03235	F	PJL	SAS	KGP
HG03236	F	PJL	SAS	KGP
HG03237	M	PJL	SAS	KGP
HG03238	F	PJL	SAS	KGP
HG03239	F	PJL	SAS	KGP
HG03240	M	GWD	AFR	KGP
HG03241	F	GWD	AFR	KGP
HG03242	M	GWD	AFR	KGP
HG03246	M	GWD	AFR	KGP
HG03247	F	GWD	AFR	KGP
HG03248	M	GWD	AFR	KGP
HG03249	M	GWD	AFR	KGP
HG03250	F	GWD	AFR	KGP
HG03251	F	GWD	AFR	KGP
HG03258	M	GWD	AFR	KGP
HG03259	F	GWD	AFR	KGP
HG03260	M	GWD	AFR	KGP
HG03265	M	ESN	AFR	KGP
HG03267	F	ESN	AFR	KGP
HG03268	M	ESN	AFR	KGP
HG03269	M	ESN	AFR	KGP
HG03270	F	ESN	AFR	KGP
HG03271	M	ESN	AFR	KGP
HG03272	F	ESN	AFR	KGP
HG03279	F	ESN	AFR	KGP
HG03280	M	ESN	AFR	KGP
HG03291	F	ESN	AFR	KGP
HG03294	F	ESN	AFR	KGP
HG03295	M	ESN	AFR	KGP
HG03296	M	ESN	AFR	KGP
HG03297	F	ESN	AFR	KGP
HG03298	M	ESN	AFR	KGP
HG03299	M	ESN	AFR	KGP
HG03300	F	ESN	AFR	KGP
HG03301	M	ESN	AFR	KGP
HG03302	M	ESN	AFR	KGP
HG03303	F	ESN	AFR	KGP
HG03304	M	ESN	AFR	KGP
HG03305	F	ESN	AFR	KGP
HG03306	F	ESN	AFR	KGP
HG03307	M	ESN	AFR	KGP
HG03308	M	ESN	AFR	KGP
HG03309	F	ESN	AFR	KGP
HG03310	F	ESN	AFR	KGP
HG03311	M	ESN	AFR	KGP
HG03312	F	ESN	AFR	KGP
HG03313	M	ESN	AFR	KGP
HG03314	M	ESN	AFR	KGP
HG03342	F	ESN	AFR	KGP
HG03343	M	ESN	AFR	KGP
HG03344	M	ESN	AFR	KGP
HG03350	M	ESN	AFR	KGP
HG03351	F	ESN	AFR	KGP
HG03352	M	ESN	AFR	KGP
HG03354	F	ESN	AFR	KGP
HG03363	F	ESN	AFR	KGP
HG03366	F	ESN	AFR	KGP
HG03367	M	ESN	AFR	KGP
HG03368	M	ESN	AFR	KGP
HG03369	F	ESN	AFR	KGP
HG03370	M	ESN	AFR	KGP
HG03371	M	ESN	AFR	KGP
HG03372	F	ESN	AFR	KGP
HG03373	M	ESN	AFR	KGP
HG03374	F	ESN	AFR	KGP
HG03376	M	MSL	AFR	KGP
HG03378	F	MSL	AFR	KGP
HG03380	F	MSL	AFR	KGP
HG03382	M	MSL	AFR	KGP
HG03385	M	MSL	AFR	KGP
HG03388	M	MSL	AFR	KGP
HG03391	M	MSL	AFR	KGP
HG03394	M	MSL	AFR	KGP
HG03397	M	MSL	AFR	KGP
HG03401	F	MSL	AFR	KGP
HG03410	F	MSL	AFR	KGP
HG03419	F	MSL	AFR	KGP
HG03428	F	MSL	AFR	KGP
HG03432	M	MSL	AFR	KGP
HG03433	M	MSL	AFR	KGP
HG03436	M	MSL	AFR	KGP
HG03437	F	MSL	AFR	KGP
HG03438	F	MSL	AFR	KGP
HG03439	M	MSL	AFR	KGP
HG03442	M	MSL	AFR	KGP
HG03445	M	MSL	AFR	KGP
HG03446	F	MSL	AFR	KGP
HG03449	F	MSL	AFR	KGP
HG03451	M	MSL	AFR	KGP
HG03452	F	MSL	AFR	KGP
HG03453	F	MSL	AFR	KGP
HG03454	M	MSL	AFR	KGP
HG03455	F	MSL	AFR	KGP
HG03456	M	MSL	AFR	KGP
HG03457	M	MSL	AFR	KGP
HG03458	F	MSL	AFR	KGP
HG03460	M	MSL	AFR	KGP
HG03461	F	MSL	AFR	KGP
HG03464	F	MSL	AFR	KGP
HG03469	M	MSL	AFR	KGP
HG03470	F	MSL	AFR	KGP
HG03472	M	MSL	AFR	KGP
HG03473	F	MSL	AFR	KGP
HG03476	F	MSL	AFR	KGP
HG03478	M	MSL	AFR	KGP
HG03479	F	MSL	AFR	KGP
HG03480	F	MSL	AFR	KGP
HG03484	M	MSL	AFR	KGP
HG03485	F	MSL	AFR	KGP
HG03486	F	MSL	AFR	KGP
HG03487	M	PJL	SAS	KGP
HG03488	F	PJL	SAS	KGP
HG03489	M	PJL	SAS	KGP
HG03490	M	PJL	SAS	KGP
HG03491	F	PJL	SAS	KGP
HG03492	M	PJL	SAS	KGP
HG03499	F	ESN	AFR	KGP
HG03511	F	ESN	AFR	KGP
HG03514	F	ESN	AFR	KGP
HG03515	M	ESN	AFR	KGP
HG03516	F	ESN	AFR	KGP
HG03517	F	ESN	AFR	KGP
HG03518	M	ESN	AFR	KGP
HG03519	M	ESN	AFR	KGP
HG03520	F	ESN	AFR	KGP
HG03521	M	ESN	AFR	KGP
HG03522	F	ESN	AFR	KGP
HG03538	M	GWD	AFR	KGP
HG03539	F	GWD	AFR	KGP
HG03540	F	GWD	AFR	KGP
HG03547	M	MSL	AFR	KGP
HG03548	F	MSL	AFR	KGP
HG03556	M	MSL	AFR	KGP
HG03557	F	MSL	AFR	KGP
HG03558	F	MSL	AFR	KGP
HG03559	M	MSL	AFR	KGP
HG03563	F	MSL	AFR	KGP
HG03565	M	MSL	AFR	KGP
HG03567	F	MSL	AFR	KGP
HG03571	M	MSL	AFR	KGP
HG03572	F	MSL	AFR	KGP
HG03574	M	MSL	AFR	KGP
HG03575	F	MSL	AFR	KGP
HG03576	F	MSL	AFR	KGP
HG03577	M	MSL	AFR	KGP
HG03578	F	MSL	AFR	KGP
HG03579	M	MSL	AFR	KGP
HG03582	M	MSL	AFR	KGP
HG03583	F	MSL	AFR	KGP
HG03584	F	MSL	AFR	KGP
HG03585	M	BEB	SAS	KGP
HG03589	F	BEB	SAS	KGP
HG03593	M	BEB	SAS	KGP
HG03594	M	BEB	SAS	KGP
HG03595	F	BEB	SAS	KGP
HG03596	M	BEB	SAS	KGP
HG03598	F	BEB	SAS	KGP
HG03600	M	BEB	SAS	KGP
HG03603	M	BEB	SAS	KGP
HG03604	F	BEB	SAS	KGP
HG03605	F	BEB	SAS	KGP
HG03606	M	BEB	SAS	KGP
HG03607	F	BEB	SAS	KGP
HG03611	F	BEB	SAS	KGP
HG03615	M	BEB	SAS	KGP
HG03616	F	BEB	SAS	KGP
HG03617	F	BEB	SAS	KGP
HG03618	M	PJL	SAS	KGP
HG03619	F	PJL	SAS	KGP
HG03620	F	PJL	SAS	KGP
HG03624	M	PJL	SAS	KGP
HG03625	F	PJL	SAS	KGP
HG03626	F	PJL	SAS	KGP
HG03629	M	PJL	SAS	KGP
HG03631	F	PJL	SAS	KGP
HG03633	M	PJL	SAS	KGP
HG03634	F	PJL	SAS	KGP
HG03635	F	PJL	SAS	KGP
HG03636	M	PJL	SAS	KGP
HG03639	M	PJL	SAS	KGP
HG03640	F	PJL	SAS	KGP
HG03641	M	PJL	SAS	KGP
HG03642	F	STU	SAS	KGP
HG03643	F	STU	SAS	KGP
HG03644	M	STU	SAS	KGP
HG03645	F	STU	SAS	KGP
HG03646	M	STU	SAS	KGP
HG03649	M	PJL	SAS	KGP
HG03650	F	PJL	SAS	KGP
HG03651	M	PJL	SAS	KGP
HG03652	M	PJL	SAS	KGP
HG03653	F	PJL	SAS	KGP
HG03654	M	PJL	SAS	KGP
HG03660	M	PJL	SAS	KGP
HG03663	M	PJL	SAS	KGP
HG03667	M	PJL	SAS	KGP
HG03668	F	PJL	SAS	KGP
HG03669	F	PJL	SAS	KGP
HG03672	M	STU	SAS	KGP
HG03673	F	STU	SAS	KGP
HG03679	M	STU	SAS	KGP
HG03680	M	STU	SAS	KGP
HG03681	M	STU	SAS	KGP
HG03682	M	STU	SAS	KGP
HG03683	F	STU	SAS	KGP
HG03684	F	STU	SAS	KGP
HG03685	M	STU	SAS	KGP
HG03686	M	STU	SAS	KGP
HG03687	M	STU	SAS	KGP
HG03688	M	STU	SAS	KGP
HG03689	F	STU	SAS	KGP
HG03690	F	STU	SAS	KGP
HG03691	M	STU	SAS	KGP
HG03692	F	STU	SAS	KGP
HG03693	M	STU	SAS	KGP
HG03694	M	STU	SAS	KGP
HG03695	M	STU	SAS	KGP
HG03696	M	STU	SAS	KGP
HG03697	M	STU	SAS	KGP
HG03698	F	STU	SAS	KGP
HG03699	M	PJL	SAS	KGP
HG03700	F	PJL	SAS	KGP
HG03701	M	PJL	SAS	KGP
HG03702	M	PJL	SAS	KGP
HG03703	F	PJL	SAS	KGP
HG03704	F	PJL	SAS	KGP
HG03705	M	PJL	SAS	KGP
HG03706	F	PJL	SAS	KGP
HG03707	M	PJL	SAS	KGP
HG03708	M	PJL	SAS	KGP
HG03709	F	PJL	SAS	KGP
HG03710	M	PJL	SAS	KGP
HG03711	M	STU	SAS	KGP
HG03713	M	ITU	SAS	KGP
HG03714	F	ITU	SAS	KGP
HG03716	M	ITU	SAS	KGP
HG03717	F	ITU	SAS	KGP
HG03718	M	ITU	SAS	KGP
HG03719	F	ITU	SAS	KGP
HG03720	M	ITU	SAS	KGP
HG03721	F	ITU	SAS	KGP
HG03722	F	ITU	SAS	KGP
HG03725	M	ITU	SAS	KGP
HG03727	M	ITU	SAS	KGP
HG03729	M	ITU	SAS	KGP
HG03730	F	ITU	SAS	KGP
HG03731	F	ITU	SAS	KGP
HG03732	M	ITU	SAS	KGP
HG03733	F	STU	SAS	KGP
HG03736	F	STU	SAS	KGP
HG03738	M	STU	SAS	KGP
HG03740	M	STU	SAS	KGP
HG03741	F	STU	SAS	KGP
HG03742	M	ITU	SAS	KGP
HG03743	M	STU	SAS	KGP
HG03744	M	STU	SAS	KGP
HG03745	M	STU	SAS	KGP
HG03746	M	STU	SAS	KGP
HG03750	M	STU	SAS	KGP
HG03752	F	STU	SAS	KGP
HG03753	M	STU	SAS	KGP
HG03754	F	STU	SAS	KGP
HG03755	M	STU	SAS	KGP
HG03756	F	STU	SAS	KGP
HG03757	F	STU	SAS	KGP
HG03760	F	STU	SAS	KGP
HG03761	M	PJL	SAS	KGP
HG03762	F	PJL	SAS	KGP
HG03763	M	PJL	SAS	KGP
HG03765	F	PJL	SAS	KGP
HG03767	M	PJL	SAS	KGP
HG03770	F	ITU	SAS	KGP
HG03771	M	ITU	SAS	KGP
HG03772	F	ITU	SAS	KGP
HG03773	M	ITU	SAS	KGP
HG03774	F	ITU	SAS	KGP
HG03775	M	ITU	SAS	KGP
HG03777	M	ITU	SAS	KGP
HG03778	M	ITU	SAS	KGP
HG03779	M	ITU	SAS	KGP
HG03780	F	ITU	SAS	KGP
HG03781	F	ITU	SAS	KGP
HG03782	F	ITU	SAS	KGP
HG03784	F	ITU	SAS	KGP
HG03785	M	ITU	SAS	KGP
HG03786	M	ITU	SAS	KGP
HG03787	F	ITU	SAS	KGP
HG03788	M	ITU	SAS	KGP
HG03789	F	ITU	SAS	KGP
HG03790	M	ITU	SAS	KGP
HG03792	M	ITU	SAS	KGP
HG03793	F	BEB	SAS	KGP
HG03794	M	BEB	SAS	KGP
HG03795	M	BEB	SAS	KGP
HG03796	F	BEB	SAS	KGP
HG03797	M	BEB	SAS	KGP
HG03798	M	BEB	SAS	KGP
HG03799	F	BEB	SAS	KGP
HG03800	M	BEB	SAS	KGP
HG03801	F	BEB	SAS	KGP
HG03802	F	BEB	SAS	KGP
HG03803	M	BEB	SAS	KGP
HG03804	F	BEB	SAS	KGP
HG03805	F	BEB	SAS	KGP
HG03806	M	BEB	SAS	KGP
HG03807	F	BEB	SAS	KGP
HG03808	F	BEB	SAS	KGP
HG03809	M	BEB	SAS	KGP
HG03812	M	BEB	SAS	KGP
HG03814	F	BEB	SAS	KGP
HG03815	M	BEB	SAS	KGP
HG03816	F	BEB	SAS	KGP
HG03817	F	BEB	SAS	KGP
HG03821	M	BEB	SAS	KGP
HG03823	F	BEB	SAS	KGP
HG03824	M	BEB	SAS	KGP
HG03825	F	BEB	SAS	KGP
HG03826	F	BEB	SAS	KGP
HG03829	F	BEB	SAS	KGP
HG03830	M	BEB	SAS	KGP
HG03831	F	BEB	SAS	KGP
HG03832	F	BEB	SAS	KGP
HG03833	M	BEB	SAS	KGP
HG03834	F	BEB	SAS	KGP
HG03836	F	STU	SAS	KGP
HG03837	M	STU	SAS	KGP
HG03838	F	STU	SAS	KGP
HG03844	M	STU	SAS	KGP
HG03846	M	STU	SAS	KGP
HG03848	M	STU	SAS	KGP
HG03849	F	STU	SAS	KGP
HG03850	M	STU	SAS	KGP
HG03851	M	STU	SAS	KGP
HG03854	M	STU	SAS	KGP
HG03856	M	STU	SAS	KGP
HG03857	F	STU	SAS	KGP
HG03858	F	STU	SAS	KGP
HG03861	F	ITU	SAS	KGP
HG03862	F	ITU	SAS	KGP
HG03863	F	ITU	SAS	KGP
HG03864	M	ITU	SAS	KGP
HG03866	M	ITU	SAS	KGP
HG03867	M	ITU	SAS	KGP
HG03868	F	ITU	SAS	KGP
HG03869	M	ITU	SAS	KGP
HG03870	M	ITU	SAS	KGP
HG03871	M	ITU	SAS	KGP
HG03872	M	ITU	SAS	KGP
HG03873	F	ITU	SAS	KGP
HG03874	F	ITU	SAS	KGP
HG03875	M	ITU	SAS	KGP
HG03882	F	ITU	SAS	KGP
HG03884	F	STU	SAS	KGP
HG03885	M	STU	SAS	KGP
HG03886	F	STU	SAS	KGP
HG03887	M	STU	SAS	KGP
HG03888	F	STU	SAS	KGP
HG03890	M	STU	SAS	KGP
HG03894	F	STU	SAS	KGP
HG03895	F	STU	SAS	KGP
HG03896	M	STU	SAS	KGP
HG03897	F	STU	SAS	KGP
HG03898	F	STU	SAS	KGP
HG03899	M	STU	SAS	KGP
HG03900	M	STU	SAS	KGP
HG03902	M	BEB	SAS	KGP
HG03904	F	BEB	SAS	KGP
HG03905	M	BEB	SAS	KGP
HG03906	M	BEB	SAS	KGP
HG03907	F	BEB	SAS	KGP
HG03908	M	BEB	SAS	KGP
HG03909	M	BEB	SAS	KGP
HG03910	F	BEB	SAS	KGP
HG03911	M	BEB	SAS	KGP
HG03913	F	BEB	SAS	KGP
HG03914	M	BEB	SAS	KGP
HG03915	F	BEB	SAS	KGP
HG03916	F	BEB	SAS	KGP
HG03917	M	BEB	SAS	KGP
HG03919	F	BEB	SAS	KGP
HG03920	M	BEB	SAS	KGP
HG03922	F	BEB	SAS	KGP
HG03925	F	BEB	SAS	KGP
HG03926	M	BEB	SAS	KGP
HG03927	F	BEB	SAS	KGP
HG03928	F	BEB	SAS	KGP
HG03929	M	BEB	SAS	KGP
HG03930	F	BEB	SAS	KGP
HG03931	F	BEB	SAS	KGP
HG03934	F	BEB	SAS	KGP
HG03937	F	BEB	SAS	KGP
HG03940	F	BEB	SAS	KGP
HG03941	M	BEB	SAS	KGP
HG03942	M	BEB	SAS	KGP
HG03943	M	STU	SAS	KGP
HG03944	F	STU	SAS	KGP
HG03945	F	STU	SAS	KGP
HG03947	F	STU	SAS	KGP
HG03949	F	STU	SAS	KGP
HG03950	M	STU	SAS	KGP
HG03951	F	STU	SAS	KGP
HG03953	M	STU	SAS	KGP
HG03955	F	STU	SAS	KGP
HG03960	M	ITU	SAS	KGP
HG03963	M	ITU	SAS	KGP
HG03965	M	ITU	SAS	KGP
HG03967	M	ITU	SAS	KGP
HG03968	F	ITU	SAS	KGP
HG03969	M	ITU	SAS	KGP
HG03971	M	ITU	SAS	KGP
HG03973	F	ITU	SAS	KGP
HG03974	M	ITU	SAS	KGP
HG03976	M	ITU	SAS	KGP
HG03977	F	ITU	SAS	KGP
HG03978	M	ITU	SAS	KGP
HG03985	M	STU	SAS	KGP
HG03986	F	STU	SAS	KGP
HG03989	F	STU	SAS	KGP
HG03990	M	STU	SAS	KGP
HG03991	M	STU	SAS	KGP
HG03992	M	STU	SAS	KGP
HG03995	F	STU	SAS	KGP
HG03998	M	STU	SAS	KGP
HG03999	M	STU	SAS	KGP
HG04001	F	ITU	SAS	KGP
HG04002	M	ITU	SAS	KGP
HG04003	M	STU	SAS	KGP
HG04006	M	STU	SAS	KGP
HG04014	F	ITU	SAS	KGP
HG04015	M	ITU	SAS	KGP
HG04017	M	ITU	SAS	KGP
HG04018	F	ITU	SAS	KGP
HG04019	M	ITU	SAS	KGP
HG04020	M	ITU	SAS	KGP
HG04022	M	ITU	SAS	KGP
HG04023	M	ITU	SAS	KGP
HG04025	F	ITU	SAS	KGP
HG04026	F	ITU	SAS	KGP
HG04029	F	STU	SAS	KGP
HG04033	M	STU	SAS	KGP
HG04035	F	STU	SAS	KGP
HG04036	F	STU	SAS	KGP
HG04038	F	STU	SAS	KGP
HG04039	M	STU	SAS	KGP
HG04042	F	STU	SAS	KGP
HG04047	F	STU	SAS	KGP
HG04054	F	ITU	SAS	KGP
HG04056	M	ITU	SAS	KGP
HG04059	F	ITU	SAS	KGP
HG04060	M	ITU	SAS	KGP
HG04061	M	ITU	SAS	KGP
HG04062	F	ITU	SAS	KGP
HG04063	F	ITU	SAS	KGP
HG04070	F	ITU	SAS	KGP
HG04075	F	STU	SAS	KGP
HG04076	F	ITU	SAS	KGP
HG04080	M	ITU	SAS	KGP
HG04090	F	ITU	SAS	KGP
HG04093	M	ITU	SAS	KGP
HG04094	M	ITU	SAS	KGP
HG04096	M	ITU	SAS	KGP
HG04098	M	ITU	SAS	KGP
HG04099	F	STU	SAS	KGP
HG04100	M	STU	SAS	KGP
HG04106	F	STU	SAS	KGP
HG04107	M	STU	SAS	KGP
HG04115	M	STU	SAS	KGP
HG04118	F	ITU	SAS	KGP
HG04122	M	STU	SAS	KGP
HG04127	M	STU	SAS	KGP
HG04131	M	BEB	SAS	KGP
HG04132	F	BEB	SAS	KGP
HG04133	F	BEB	SAS	KGP
HG04134	M	BEB	SAS	KGP
HG04135	F	BEB	SAS	KGP
HG04136	F	BEB	SAS	KGP
HG04140	M	BEB	SAS	KGP
HG04141	F	BEB	SAS	KGP
HG04142	F	BEB	SAS	KGP
HG04144	F	BEB	SAS	KGP
HG04146	M	BEB	SAS	KGP
HG04147	F	BEB	SAS	KGP
HG04148	F	BEB	SAS	KGP
HG04149	M	BEB	SAS	KGP
HG04150	F	BEB	SAS	KGP
HG04151	F	BEB	SAS	KGP
HG04152	M	BEB	SAS	KGP
HG04153	F	BEB	SAS	KGP
HG04155	M	BEB	SAS	KGP
HG04156	F	BEB	SAS	KGP
HG04157	M	BEB	SAS	KGP
HG04158	M	BEB	SAS	KGP
HG04159	F	BEB	SAS	KGP
HG04160	M	BEB	SAS	KGP
HG04161	M	BEB	SAS	KGP
HG04162	F	BEB	SAS	KGP
HG04164	M	BEB	SAS	KGP
HG04171	F	BEB	SAS	KGP
HG04173	M	BEB	SAS	KGP
HG04174	F	BEB	SAS	KGP
HG04175	F	BEB	SAS	KGP
HG04176	M	BEB	SAS	KGP
HG04177	F	BEB	SAS	KGP
HG04180	F	BEB	SAS	KGP
HG04182	M	BEB	SAS	KGP
HG04183	F	BEB	SAS	KGP
HG04184	F	BEB	SAS	KGP
HG04185	M	BEB	SAS	KGP
HG04186	F	BEB	SAS	KGP
HG04187	M	BEB	SAS	KGP
HG04188	M	BEB	SAS	KGP
HG04189	F	BEB	SAS	KGP
HG04191	M	BEB	SAS	KGP
HG04192	F	BEB	SAS	KGP
HG04193	M	BEB	SAS	KGP
HG04194	M	BEB	SAS	KGP
HG04195	F	BEB	SAS	KGP
HG04198	M	ITU	SAS	KGP
HG04199	M	STU	SAS	KGP
HG04200	F	ITU	SAS	KGP
HG04202	F	ITU	SAS	KGP
HG04204	M	STU	SAS	KGP
HG04206	M	ITU	SAS	KGP
HG04209	F	ITU	SAS	KGP
HG04210	M	STU	SAS	KGP
HG04211	M	ITU	SAS	KGP
HG04212	F	ITU	SAS	KGP
HG04214	F	ITU	SAS	KGP
HG04215	M	STU	SAS	KGP
HG04216	F	ITU	SAS	KGP
HG04217	F	ITU	SAS	KGP
HG04219	M	ITU	SAS	KGP
HG04222	M	ITU	SAS	KGP
HG04225	M	ITU	SAS	KGP
HG04227	F	STU	SAS	KGP
HG04228	M	STU	SAS	KGP
HG04229	M	STU	SAS	KGP
HG04235	M	ITU	SAS	KGP
HG04238	M	ITU	SAS	KGP
HG04239	M	ITU	SAS	KGP
NA06984	M	CEU	EUR	KGP
NA06985	F	CEU	EUR	KGP
NA06986	M	CEU	EUR	KGP
NA06989	F	CEU	EUR	KGP
NA06991	F	CEU	EUR	KGP
NA06993	M	CEU	EUR	KGP
NA06994	M	CEU	EUR	KGP
NA06995	M	CEU	EUR	KGP
NA06997	F	CEU	EUR	KGP
NA07000	F	CEU	EUR	KGP
NA07014	F	CEU	EUR	KGP
NA07019	F	CEU	EUR	KGP
NA07022	M	CEU	EUR	KGP
NA07029	M	CEU	EUR	KGP
NA07031	F	CEU	EUR	KGP
NA07034	M	CEU	EUR	KGP
NA07037	F	CEU	EUR	KGP
NA07045	F	CEU	EUR	KGP
NA07048	M	CEU	EUR	KGP
NA07051	M	CEU	EUR	KGP
NA07055	F	CEU	EUR	KGP
NA07056	F	CEU	EUR	KGP
NA07345	F	CEU	EUR	KGP
NA07346	F	CEU	EUR	KGP
NA07347	M	CEU	EUR	KGP
NA07348	F	CEU	EUR	KGP
NA07349	M	CEU	EUR	KGP
NA07357	M	CEU	EUR	KGP
NA07435	M	CEU	EUR	KGP
NA10830	M	CEU	EUR	KGP
NA10831	F	CEU	EUR	KGP
NA10835	M	CEU	EUR	KGP
NA10836	F	CEU	EUR	KGP
NA10837	M	CEU	EUR	KGP
NA10838	M	CEU	EUR	KGP
NA10839	F	CEU	EUR	KGP
NA10840	F	CEU	EUR	KGP
NA10842	M	CEU	EUR	KGP
NA10843	F	CEU	EUR	KGP
NA10845	M	CEU	EUR	KGP
NA10846	M	CEU	EUR	KGP
NA10847	F	CEU	EUR	KGP
NA10851	M	CEU	EUR	KGP
NA10852	F	CEU	EUR	KGP
NA10854	F	CEU	EUR	KGP
NA10855	F	CEU	EUR	KGP
NA10856	M	CEU	EUR	KGP
NA10857	M	CEU	EUR	KGP
NA10859	F	CEU	EUR	KGP
NA10860	M	CEU	EUR	KGP
NA10861	F	CEU	EUR	KGP
NA10863	F	CEU	EUR	KGP
NA10864	F	CEU	EUR	KGP
NA10865	M	CEU	EUR	KGP
NA11829	M	CEU	EUR	KGP
NA11830	F	CEU	EUR	KGP
NA11831	M	CEU	EUR	KGP
NA11832	F	CEU	EUR	KGP
NA11839	M	CEU	EUR	KGP
NA11840	F	CEU	EUR	KGP
NA11843	M	CEU	EUR	KGP
NA11881	M	CEU	EUR	KGP
NA11882	F	CEU	EUR	KGP
NA11891	M	CEU	EUR	KGP
NA11892	F	CEU	EUR	KGP
NA11893	M	CEU	EUR	KGP
NA11894	F	CEU	EUR	KGP
NA11917	M	CEU	EUR	KGP
NA11918	F	CEU	EUR	KGP
NA11919	M	CEU	EUR	KGP
NA11920	F	CEU	EUR	KGP
NA11930	M	CEU	EUR	KGP
NA11931	F	CEU	EUR	KGP
NA11932	M	CEU	EUR	KGP
NA11933	F	CEU	EUR	KGP
NA11992	M	CEU	EUR	KGP
NA11993	F	CEU	EUR	KGP
NA11994	M	CEU	EUR	KGP
NA11995	F	CEU	EUR	KGP
NA12003	M	CEU	EUR	KGP
NA12004	F	CEU	EUR	KGP
NA12005	M	CEU	EUR	KGP
NA12006	F	CEU	EUR	KGP
NA12043	M	CEU	EUR	KGP
NA12044	F	CEU	EUR	KGP
NA12045	M	CEU	EUR	KGP
NA12046	F	CEU	EUR	KGP
NA12056	M	CEU	EUR	KGP
NA12057	F	CEU	EUR	KGP
NA12058	F	CEU	EUR	KGP
NA12144	M	CEU	EUR	KGP
NA12145	F	CEU	EUR	KGP
NA12146	M	CEU	EUR	KGP
NA12154	M	CEU	EUR	KGP
NA12155	M	CEU	EUR	KGP
NA12156	F	CEU	EUR	KGP
NA12234	F	CEU	EUR	KGP
NA12236	F	CEU	EUR	KGP
NA12239	F	CEU	EUR	KGP
NA12248	M	CEU	EUR	KGP
NA12249	F	CEU	EUR	KGP
NA12264	M	CEU	EUR	KGP
NA12272	M	CEU	EUR	KGP
NA12273	F	CEU	EUR	KGP
NA12274	M	CEU	EUR	KGP
NA12275	F	CEU	EUR	KGP
NA12282	M	CEU	EUR	KGP
NA12283	F	CEU	EUR	KGP
NA12286	M	CEU	EUR	KGP
NA12287	F	CEU	EUR	KGP
NA12329	F	CEU	EUR	KGP
NA12335	M	CEU	EUR	KGP
NA12336	F	CEU	EUR	KGP
NA12340	M	CEU	EUR	KGP
NA12341	F	CEU	EUR	KGP
NA12342	M	CEU	EUR	KGP
NA12343	F	CEU	EUR	KGP
NA12344	M	CEU	EUR	KGP
NA12347	M	CEU	EUR	KGP
NA12348	F	CEU	EUR	KGP
NA12376	F	CEU	EUR	KGP
NA12383	F	CEU	EUR	KGP
NA12386	F	CEU	EUR	KGP
NA12399	M	CEU	EUR	KGP
NA12400	F	CEU	EUR	KGP
NA12413	M	CEU	EUR	KGP
NA12414	F	CEU	EUR	KGP
NA12485	M	CEU	EUR	KGP
NA12489	F	CEU	EUR	KGP
NA12546	M	CEU	EUR	KGP
NA12707	M	CEU	EUR	KGP
NA12716	M	CEU	EUR	KGP
NA12717	F	CEU	EUR	KGP
NA12718	F	CEU	EUR	KGP
NA12739	M	CEU	EUR	KGP
NA12740	F	CEU	EUR	KGP
NA12748	M	CEU	EUR	KGP
NA12749	F	CEU	EUR	KGP
NA12750	M	CEU	EUR	KGP
NA12751	F	CEU	EUR	KGP
NA12752	M	CEU	EUR	KGP
NA12753	F	CEU	EUR	KGP
NA12760	M	CEU	EUR	KGP
NA12761	F	CEU	EUR	KGP
NA12762	M	CEU	EUR	KGP
NA12763	F	CEU	EUR	KGP
NA12766	M	CEU	EUR	KGP
NA12767	F	CEU	EUR	KGP
NA12775	M	CEU	EUR	KGP
NA12776	F	CEU	EUR	KGP
NA12777	M	CEU	EUR	KGP
NA12778	F	CEU	EUR	KGP
NA12801	M	CEU	EUR	KGP
NA12802	F	CEU	EUR	KGP
NA12812	M	CEU	EUR	KGP
NA12813	F	CEU	EUR	KGP
NA12814	M	CEU	EUR	KGP
NA12815	F	CEU	EUR	KGP
NA12817	M	CEU	EUR	KGP
NA12818	F	CEU	EUR	KGP
NA12827	M	CEU	EUR	KGP
NA12828	F	CEU	EUR	KGP
NA12829	M	CEU	EUR	KGP
NA12830	F	CEU	EUR	KGP
NA12832	F	CEU	EUR	KGP
NA12842	M	CEU	EUR	KGP
NA12843	F	CEU	EUR	KGP
NA12864	M	CEU	EUR	KGP
NA12865	F	CEU	EUR	KGP
NA12872	M	CEU	EUR	KGP
NA12873	F	CEU	EUR	KGP
NA12874	M	CEU	EUR	KGP
NA12875	F	CEU	EUR	KGP
NA12877	M	CEU	EUR	KGP
NA12878	F	CEU	EUR	KGP
NA12889	M	CEU	EUR	KGP
NA12890	F	CEU	EUR	KGP
NA12891	M	CEU	EUR	KGP
NA12892	F	CEU	EUR	KGP
NA18484	F	YRI	AFR	KGP
NA18485	M	YRI	AFR	KGP
NA18486	M	YRI	AFR	KGP
NA18487	M	YRI	AFR	KGP
NA18488	F	YRI	AFR	KGP
NA18489	F	YRI	AFR	KGP
NA18497	M	YRI	AFR	KGP
NA18498	M	YRI	AFR	KGP
NA18499	F	YRI	AFR	KGP
NA18500	M	YRI	AFR	KGP
NA18501	M	YRI	AFR	KGP
NA18502	F	YRI	AFR	KGP
NA18503	M	YRI	AFR	KGP
NA18504	M	YRI	AFR	KGP
NA18505	F	YRI	AFR	KGP
NA18506	M	YRI	AFR	KGP
NA18507	M	YRI	AFR	KGP
NA18508	F	YRI	AFR	KGP
NA18510	M	YRI	AFR	KGP
NA18511	F	YRI	AFR	KGP
NA18515	M	YRI	AFR	KGP
NA18516	M	YRI	AFR	KGP
NA18517	F	YRI	AFR	KGP
NA18518	F	YRI	AFR	KGP
NA18519	M	YRI	AFR	KGP
NA18520	F	YRI	AFR	KGP
NA18521	M	YRI	AFR	KGP
NA18522	M	YRI	AFR	KGP
NA18523	F	YRI	AFR	KGP
NA18525	F	CHB	EAS	KGP
NA18526	F	CHB	EAS	KGP
NA18528	F	CHB	EAS	KGP
NA18530	M	CHB	EAS	KGP
NA18531	F	CHB	EAS	KGP
NA18532	F	CHB	EAS	KGP
NA18533	F	CHB	EAS	KGP
NA18534	M	CHB	EAS	KGP
NA18535	F	CHB	EAS	KGP
NA18536	M	CHB	EAS	KGP
NA18537	F	CHB	EAS	KGP
NA18538	F	CHB	EAS	KGP
NA18539	F	CHB	EAS	KGP
NA18541	F	CHB	EAS	KGP
NA18542	F	CHB	EAS	KGP
NA18543	M	CHB	EAS	KGP
NA18544	M	CHB	EAS	KGP
NA18545	F	CHB	EAS	KGP
NA18546	M	CHB	EAS	KGP
NA18547	F	CHB	EAS	KGP
NA18548	M	CHB	EAS	KGP
NA18549	M	CHB	EAS	KGP
NA18550	F	CHB	EAS	KGP
NA18552	F	CHB	EAS	KGP
NA18553	F	CHB	EAS	KGP
NA18555	F	CHB	EAS	KGP
NA18557	M	CHB	EAS	KGP
NA18558	M	CHB	EAS	KGP
NA18559	M	CHB	EAS	KGP
NA18560	F	CHB	EAS	KGP
NA18561	M	CHB	EAS	KGP
NA18562	M	CHB	EAS	KGP
NA18563	M	CHB	EAS	KGP
NA18564	F	CHB	EAS	KGP
NA18565	F	CHB	EAS	KGP
NA18566	F	CHB	EAS	KGP
NA18567	F	CHB	EAS	KGP
NA18570	F	CHB	EAS	KGP
NA18571	F	CHB	EAS	KGP
NA18572	M	CHB	EAS	KGP
NA18573	F	CHB	EAS	KGP
NA18574	F	CHB	EAS	KGP
NA18577	F	CHB	EAS	KGP
NA18579	F	CHB	EAS	KGP
NA18582	F	CHB	EAS	KGP
NA18591	F	CHB	EAS	KGP
NA18592	F	CHB	EAS	KGP
NA18593	F	CHB	EAS	KGP
NA18595	F	CHB	EAS	KGP
NA18596	F	CHB	EAS	KGP
NA18597	F	CHB	EAS	KGP
NA18599	F	CHB	EAS	KGP
NA18602	F	CHB	EAS	KGP
NA18603	M	CHB	EAS	KGP
NA18605	M	CHB	EAS	KGP
NA18606	M	CHB	EAS	KGP
NA18608	M	CHB	EAS	KGP
NA18609	M	CHB	EAS	KGP
NA18610	F	CHB	EAS	KGP
NA18611	M	CHB	EAS	KGP
NA18612	M	CHB	EAS	KGP
NA18613	M	CHB	EAS	KGP
NA18614	F	CHB	EAS	KGP
NA18615	F	CHB	EAS	KGP
NA18616	F	CHB	EAS	KGP
NA18617	F	CHB	EAS	KGP
NA18618	F	CHB	EAS	KGP
NA18619	F	CHB	EAS	KGP
NA18620	M	CHB	EAS	KGP
NA18621	M	CHB	EAS	KGP
NA18622	M	CHB	EAS	KGP
NA18623	M	CHB	EAS	KGP
NA18624	M	CHB	EAS	KGP
NA18625	F	CHB	EAS	KGP
NA18626	F	CHB	EAS	KGP
NA18627	F	CHB	EAS	KGP
NA18628	F	CHB	EAS	KGP
NA18629	M	CHB	EAS	KGP
NA18630	F	CHB	EAS	KGP
NA18631	F	CHB	EAS	KGP
NA18632	M	CHB	EAS	KGP
NA18633	M	CHB	EAS	KGP
NA18634	F	CHB	EAS	KGP
NA18635	M	CHB	EAS	KGP
NA18636	M	CHB	EAS	KGP
NA18637	M	CHB	EAS	KGP
NA18638	M	CHB	EAS	KGP
NA18639	M	CHB	EAS	KGP
NA18640	F	CHB	EAS	KGP
NA18641	F	CHB	EAS	KGP
NA18642	F	CHB	EAS	KGP
NA18643	M	CHB	EAS	KGP
NA18644	F	CHB	EAS	KGP
NA18645	M	CHB	EAS	KGP
NA18646	F	CHB	EAS	KGP
NA18647	M	CHB	EAS	KGP
NA18648	M	CHB	EAS	KGP
NA18740	M	CHB	EAS	KGP
NA18745	M	CHB	EAS	KGP
NA18747	M	CHB	EAS	KGP
NA18748	M	CHB	EAS	KGP
NA18749	M	CHB	EAS	KGP
NA18757	M	CHB	EAS	KGP
NA18852	F	YRI	AFR	KGP
NA18853	M	YRI	AFR	KGP
NA18854	M	YRI	AFR	KGP
NA18855	F	YRI	AFR	KGP
NA18856	M	YRI	AFR	KGP
NA18857	M	YRI	AFR	KGP
NA18858	F	YRI	AFR	KGP
NA18859	M	YRI	AFR	KGP
NA18860	M	YRI	AFR	KGP
NA18861	F	YRI	AFR	KGP
NA18862	M	YRI	AFR	KGP
NA18863	M	YRI	AFR	KGP
NA18864	F	YRI	AFR	KGP
NA18865	M	YRI	AFR	KGP
NA18867	F	YRI	AFR	KGP
NA18868	M	YRI	AFR	KGP
NA18869	M	YRI	AFR	KGP
NA18870	F	YRI	AFR	KGP
NA18871	M	YRI	AFR	KGP
NA18872	M	YRI	AFR	KGP
NA18873	F	YRI	AFR	KGP
NA18874	M	YRI	AFR	KGP
NA18875	F	YRI	AFR	KGP
NA18876	F	YRI	AFR	KGP
NA18877	M	YRI	AFR	KGP
NA18878	F	YRI	AFR	KGP
NA18879	M	YRI	AFR	KGP
NA18881	F	YRI	AFR	KGP
NA18906	F	YRI	AFR	KGP
NA18907	F	YRI	AFR	KGP
NA18908	M	YRI	AFR	KGP
NA18909	F	YRI	AFR	KGP
NA18910	M	YRI	AFR	KGP
NA18911	M	YRI	AFR	KGP
NA18912	F	YRI	AFR	KGP
NA18913	M	YRI	AFR	KGP
NA18914	M	YRI	AFR	KGP
NA18915	M	YRI	AFR	KGP
NA18916	F	YRI	AFR	KGP
NA18917	M	YRI	AFR	KGP
NA18923	M	YRI	AFR	KGP
NA18924	F	YRI	AFR	KGP
NA18925	M	YRI	AFR	KGP
NA18930	F	YRI	AFR	KGP
NA18933	F	YRI	AFR	KGP
NA18934	M	YRI	AFR	KGP
NA18935	M	YRI	AFR	KGP
NA18939	F	JPT	EAS	KGP
NA18940	M	JPT	EAS	KGP
NA18941	F	JPT	EAS	KGP
NA18942	F	JPT	EAS	KGP
NA18943	M	JPT	EAS	KGP
NA18944	M	JPT	EAS	KGP
NA18945	M	JPT	EAS	KGP
NA18946	F	JPT	EAS	KGP
NA18947	F	JPT	EAS	KGP
NA18948	M	JPT	EAS	KGP
NA18949	F	JPT	EAS	KGP
NA18950	F	JPT	EAS	KGP
NA18951	F	JPT	EAS	KGP
NA18952	M	JPT	EAS	KGP
NA18953	M	JPT	EAS	KGP
NA18954	F	JPT	EAS	KGP
NA18956	F	JPT	EAS	KGP
NA18957	F	JPT	EAS	KGP
NA18959	M	JPT	EAS	KGP
NA18960	M	JPT	EAS	KGP
NA18961	M	JPT	EAS	KGP
NA18962	M	JPT	EAS	KGP
NA18963	F	JPT	EAS	KGP
NA18964	F	JPT	EAS	KGP
NA18965	M	JPT	EAS	KGP
NA18966	M	JPT	EAS	KGP
NA18967	M	JPT	EAS	KGP
NA18968	F	JPT	EAS	KGP
NA18969	F	JPT	EAS	KGP
NA18970	M	JPT	EAS	KGP
NA18971	M	JPT	EAS	KGP
NA18972	F	JPT	EAS	KGP
NA18973	F	JPT	EAS	KGP
NA18974	M	JPT	EAS	KGP
NA18975	F	JPT	EAS	KGP
NA18976	F	JPT	EAS	KGP
NA18977	M	JPT	EAS	KGP
NA18978	F	JPT	EAS	KGP
NA18979	F	JPT	EAS	KGP
NA18980	F	JPT	EAS	KGP
NA18981	F	JPT	EAS	KGP
NA18982	M	JPT	EAS	KGP
NA18983	M	JPT	EAS	KGP
NA18984	M	JPT	EAS	KGP
NA18985	M	JPT	EAS	KGP
NA18986	M	JPT	EAS	KGP
NA18987	F	JPT	EAS	KGP
NA18988	M	JPT	EAS	KGP
NA18989	M	JPT	EAS	KGP
NA18990	M	JPT	EAS	KGP
NA18991	F	JPT	EAS	KGP
NA18992	F	JPT	EAS	KGP
NA18993	F	JPT	EAS	KGP
NA18994	M	JPT	EAS	KGP
NA18995	M	JPT	EAS	KGP
NA18997	F	JPT	EAS	KGP
NA18998	F	JPT	EAS	KGP
NA18999	F	JPT	EAS	KGP
NA19000	M	JPT	EAS	KGP
NA19001	F	JPT	EAS	KGP
NA19002	F	JPT	EAS	KGP
NA19003	F	JPT	EAS	KGP
NA19004	M	JPT	EAS	KGP
NA19005	M	JPT	EAS	KGP
NA19006	M	JPT	EAS	KGP
NA19007	M	JPT	EAS	KGP
NA19009	M	JPT	EAS	KGP
NA19010	F	JPT	EAS	KGP
NA19011	F	JPT	EAS	KGP
NA19012	M	JPT	EAS	KGP
NA19017	F	LWK	AFR	KGP
NA19019	F	LWK	AFR	KGP
NA19020	M	LWK	AFR	KGP
NA19023	F	LWK	AFR	KGP
NA19024	F	LWK	AFR	KGP
NA19025	M	LWK	AFR	KGP
NA19026	M	LWK	AFR	KGP
NA19027	M	LWK	AFR	KGP
NA19028	M	LWK	AFR	KGP
NA19030	F	LWK	AFR	KGP
NA19031	M	LWK	AFR	KGP
NA19035	M	LWK	AFR	KGP
NA19036	F	LWK	AFR	KGP
NA19037	F	LWK	AFR	KGP
NA19038	F	LWK	AFR	KGP
NA19041	M	LWK	AFR	KGP
NA19042	F	LWK	AFR	KGP
NA19043	M	LWK	AFR	KGP
NA19054	F	JPT	EAS	KGP
NA19055	M	JPT	EAS	KGP
NA19056	M	JPT	EAS	KGP
NA19057	F	JPT	EAS	KGP
NA19058	M	JPT	EAS	KGP
NA19059	F	JPT	EAS	KGP
NA19060	M	JPT	EAS	KGP
NA19062	M	JPT	EAS	KGP
NA19063	M	JPT	EAS	KGP
NA19064	F	JPT	EAS	KGP
NA19065	F	JPT	EAS	KGP
NA19066	M	JPT	EAS	KGP
NA19067	M	JPT	EAS	KGP
NA19068	M	JPT	EAS	KGP
NA19070	M	JPT	EAS	KGP
NA19072	M	JPT	EAS	KGP
NA19074	F	JPT	EAS	KGP
NA19075	M	JPT	EAS	KGP
NA19076	M	JPT	EAS	KGP
NA19077	F	JPT	EAS	KGP
NA19078	F	JPT	EAS	KGP
NA19079	M	JPT	EAS	KGP
NA19080	F	JPT	EAS	KGP
NA19081	F	JPT	EAS	KGP
NA19082	M	JPT	EAS	KGP
NA19083	M	JPT	EAS	KGP
NA19084	F	JPT	EAS	KGP
NA19085	M	JPT	EAS	KGP
NA19086	M	JPT	EAS	KGP
NA19087	F	JPT	EAS	KGP
NA19088	M	JPT	EAS	KGP
NA19089	M	JPT	EAS	KGP
NA19090	F	JPT	EAS	KGP
NA19091	M	JPT	EAS	KGP
NA19092	M	YRI	AFR	KGP
NA19093	F	YRI	AFR	KGP
NA19094	F	YRI	AFR	KGP
NA19095	F	YRI	AFR	KGP
NA19096	M	YRI	AFR	KGP
NA19097	F	YRI	AFR	KGP
NA19098	M	YRI	AFR	KGP
NA19099	F	YRI	AFR	KGP
NA19100	F	YRI	AFR	KGP
NA19101	M	YRI	AFR	KGP
NA19102	F	YRI	AFR	KGP
NA19103	M	YRI	AFR	KGP
NA19107	M	YRI	AFR	KGP
NA19108	F	YRI	AFR	KGP
NA19109	F	YRI	AFR	KGP
NA19113	M	YRI	AFR	KGP
NA19114	F	YRI	AFR	KGP
NA19115	F	YRI	AFR	KGP
NA19116	F	YRI	AFR	KGP
NA19117	M	YRI	AFR	KGP
NA19118	F	YRI	AFR	KGP
NA19119	M	YRI	AFR	KGP
NA19120	M	YRI	AFR	KGP
NA19121	M	YRI	AFR	KGP
NA19122	F	YRI	AFR	KGP
NA19123	M	YRI	AFR	KGP
NA19127	F	YRI	AFR	KGP
NA19128	M	YRI	AFR	KGP
NA19129	F	YRI	AFR	KGP
NA19130	M	YRI	AFR	KGP
NA19131	F	YRI	AFR	KGP
NA19132	F	YRI	AFR	KGP
NA19137	F	YRI	AFR	KGP
NA19138	M	YRI	AFR	KGP
NA19139	M	YRI	AFR	KGP
NA19140	F	YRI	AFR	KGP
NA19141	M	YRI	AFR	KGP
NA19142	M	YRI	AFR	KGP
NA19143	F	YRI	AFR	KGP
NA19144	M	YRI	AFR	KGP
NA19145	M	YRI	AFR	KGP
NA19146	M	YRI	AFR	KGP
NA19147	F	YRI	AFR	KGP
NA19148	F	YRI	AFR	KGP
NA19149	F	YRI	AFR	KGP
NA19150	M	YRI	AFR	KGP
NA19151	F	YRI	AFR	KGP
NA19152	F	YRI	AFR	KGP
NA19153	M	YRI	AFR	KGP
NA19154	M	YRI	AFR	KGP
NA19159	F	YRI	AFR	KGP
NA19160	M	YRI	AFR	KGP
NA19161	M	YRI	AFR	KGP
NA19171	M	YRI	AFR	KGP
NA19172	F	YRI	AFR	KGP
NA19173	M	YRI	AFR	KGP
NA19174	M	YRI	AFR	KGP
NA19175	M	YRI	AFR	KGP
NA19176	F	YRI	AFR	KGP
NA19177	M	YRI	AFR	KGP
NA19184	M	YRI	AFR	KGP
NA19185	F	YRI	AFR	KGP
NA19186	M	YRI	AFR	KGP
NA19189	M	YRI	AFR	KGP
NA19190	F	YRI	AFR	KGP
NA19191	M	YRI	AFR	KGP
NA19197	F	YRI	AFR	KGP
NA19198	M	YRI	AFR	KGP
NA19199	F	YRI	AFR	KGP
NA19200	M	YRI	AFR	KGP
NA19201	F	YRI	AFR	KGP
NA19202	F	YRI	AFR	KGP
NA19203	M	YRI	AFR	KGP
NA19204	F	YRI	AFR	KGP
NA19205	M	YRI	AFR	KGP
NA19206	F	YRI	AFR	KGP
NA19207	M	YRI	AFR	KGP
NA19208	M	YRI	AFR	KGP
NA19209	F	YRI	AFR	KGP
NA19210	M	YRI	AFR	KGP
NA19211	M	YRI	AFR	KGP
NA19213	M	YRI	AFR	KGP
NA19214	F	YRI	AFR	KGP
NA19215	F	YRI	AFR	KGP
NA19221	F	YRI	AFR	KGP
NA19222	F	YRI	AFR	KGP
NA19223	M	YRI	AFR	KGP
NA19224	M	YRI	AFR	KGP
NA19225	F	YRI	AFR	KGP
NA19226	M	YRI	AFR	KGP
NA19235	F	YRI	AFR	KGP
NA19236	M	YRI	AFR	KGP
NA19237	F	YRI	AFR	KGP
NA19238	F	YRI	AFR	KGP
NA19239	M	YRI	AFR	KGP
NA19240	F	YRI	AFR	KGP
NA19247	F	YRI	AFR	KGP
NA19248	M	YRI	AFR	KGP
NA19249	M	YRI	AFR	KGP
NA19256	M	YRI	AFR	KGP
NA19257	F	YRI	AFR	KGP
NA19258	M	YRI	AFR	KGP
NA19307	M	LWK	AFR	KGP
NA19308	M	LWK	AFR	KGP
NA19309	M	LWK	AFR	KGP
NA19310	F	LWK	AFR	KGP
NA19312	M	LWK	AFR	KGP
NA19314	F	LWK	AFR	KGP
NA19315	F	LWK	AFR	KGP
NA19316	F	LWK	AFR	KGP
NA19317	M	LWK	AFR	KGP
NA19318	M	LWK	AFR	KGP
NA19319	M	LWK	AFR	KGP
NA19320	F	LWK	AFR	KGP
NA19321	F	LWK	AFR	KGP
NA19323	F	LWK	AFR	KGP
NA19324	F	LWK	AFR	KGP
NA19327	F	LWK	AFR	KGP
NA19328	F	LWK	AFR	KGP
NA19331	M	LWK	AFR	KGP
NA19332	F	LWK	AFR	KGP
NA19334	M	LWK	AFR	KGP
NA19338	F	LWK	AFR	KGP
NA19346	M	LWK	AFR	KGP
NA19347	M	LWK	AFR	KGP
NA19350	M	LWK	AFR	KGP
NA19351	F	LWK	AFR	KGP
NA19355	F	LWK	AFR	KGP
NA19360	M	LWK	AFR	KGP
NA19372	M	LWK	AFR	KGP
NA19374	M	LWK	AFR	KGP
NA19375	M	LWK	AFR	KGP
NA19376	M	LWK	AFR	KGP
NA19377	F	LWK	AFR	KGP
NA19378	F	LWK	AFR	KGP
NA19379	F	LWK	AFR	KGP
NA19380	M	LWK	AFR	KGP
NA19383	M	LWK	AFR	KGP
NA19384	M	LWK	AFR	KGP
NA19385	M	LWK	AFR	KGP
NA19390	F	LWK	AFR	KGP
NA19391	F	LWK	AFR	KGP
NA19393	M	LWK	AFR	KGP
NA19394	M	LWK	AFR	KGP
NA19395	F	LWK	AFR	KGP
NA19397	M	LWK	AFR	KGP
NA19399	F	LWK	AFR	KGP
NA19401	F	LWK	AFR	KGP
NA19403	F	LWK	AFR	KGP
NA19404	F	LWK	AFR	KGP
NA19428	M	LWK	AFR	KGP
NA19429	M	LWK	AFR	KGP
NA19430	M	LWK	AFR	KGP
NA19431	F	LWK	AFR	KGP
NA19434	F	LWK	AFR	KGP
NA19435	F	LWK	AFR	KGP
NA19436	F	LWK	AFR	KGP
NA19437	F	LWK	AFR	KGP
NA19438	F	LWK	AFR	KGP
NA19439	F	LWK	AFR	KGP
NA19440	F	LWK	AFR	KGP
NA19443	M	LWK	AFR	KGP
NA19445	F	LWK	AFR	KGP
NA19446	F	LWK	AFR	KGP
NA19448	M	LWK	AFR	KGP
NA19449	F	LWK	AFR	KGP
NA19451	M	LWK	AFR	KGP
NA19452	M	LWK	AFR	KGP
NA19454	M	LWK	AFR	KGP
NA19455	M	LWK	AFR	KGP
NA19456	F	LWK	AFR	KGP
NA19457	F	LWK	AFR	KGP
NA19461	M	LWK	AFR	KGP
NA19462	F	LWK	AFR	KGP
NA19463	F	LWK	AFR	KGP
NA19466	M	LWK	AFR	KGP
NA19467	F	LWK	AFR	KGP
NA19468	F	LWK	AFR	KGP
NA19471	F	LWK	AFR	KGP
NA19472	F	LWK	AFR	KGP
NA19473	F	LWK	AFR	KGP
NA19474	F	LWK	AFR	KGP
NA19475	F	LWK	AFR	KGP
NA19625	F	ASW	AFR	KGP
NA19648	F	MXL	AMR	KGP
NA19649	M	MXL	AMR	KGP
NA19650	M	MXL	AMR	KGP
NA19651	F	MXL	AMR	KGP
NA19652	M	MXL	AMR	KGP
NA19653	F	MXL	AMR	KGP
NA19654	F	MXL	AMR	KGP
NA19655	M	MXL	AMR	KGP
NA19656	F	MXL	AMR	KGP
NA19657	F	MXL	AMR	KGP
NA19658	M	MXL	AMR	KGP
NA19659	F	MXL	AMR	KGP
NA19660	F	MXL	AMR	KGP
NA19661	M	MXL	AMR	KGP
NA19662	F	MXL	AMR	KGP
NA19663	F	MXL	AMR	KGP
NA19664	M	MXL	AMR	KGP
NA19665	F	MXL	AMR	KGP
NA19669	F	MXL	AMR	KGP
NA19670	M	MXL	AMR	KGP
NA19671	F	MXL	AMR	KGP
NA19675	F	MXL	AMR	KGP
NA19676	M	MXL	AMR	KGP
NA19677	F	MXL	AMR	KGP
NA19678	F	MXL	AMR	KGP
NA19679	M	MXL	AMR	KGP
NA19680	F	MXL	AMR	KGP
NA19681	F	MXL	AMR	KGP
NA19682	M	MXL	AMR	KGP
NA19683	F	MXL	AMR	KGP
NA19684	F	MXL	AMR	KGP
NA19685	M	MXL	AMR	KGP
NA19686	F	MXL	AMR	KGP
NA19700	M	ASW	AFR	KGP
NA19701	F	ASW	AFR	KGP
NA19702	M	ASW	AFR	KGP
NA19703	M	ASW	AFR	KGP
NA19704	F	ASW	AFR	KGP
NA19705	M	ASW	AFR	KGP
NA19707	F	ASW	AFR	KGP
NA19711	M	ASW	AFR	KGP
NA19712	F	ASW	AFR	KGP
NA19713	F	ASW	AFR	KGP
NA19716	F	MXL	AMR	KGP
NA19717	M	MXL	AMR	KGP
NA19718	F	MXL	AMR	KGP
NA19719	F	MXL	AMR	KGP
NA19720	M	MXL	AMR	KGP
NA19721	F	MXL	AMR	KGP
NA19722	F	MXL	AMR	KGP
NA19723	M	MXL	AMR	KGP
NA19724	M	MXL	AMR	KGP
NA19725	F	MXL	AMR	KGP
NA19726	M	MXL	AMR	KGP
NA19727	M	MXL	AMR	KGP
NA19728	F	MXL	AMR	KGP
NA19729	M	MXL	AMR	KGP
NA19730	F	MXL	AMR	KGP
NA19731	F	MXL	AMR	KGP
NA19732	M	MXL	AMR	KGP
NA19733	F	MXL	AMR	KGP
NA19734	F	MXL	AMR	KGP
NA19735	M	MXL	AMR	KGP
NA19740	F	MXL	AMR	KGP
NA19741	M	MXL	AMR	KGP
NA19746	F	MXL	AMR	KGP
NA19747	M	MXL	AMR	KGP
NA19748	F	MXL	AMR	KGP
NA19749	F	MXL	AMR	KGP
NA19750	M	MXL	AMR	KGP
NA19751	M	MXL	AMR	KGP
NA19752	F	MXL	AMR	KGP
NA19755	F	MXL	AMR	KGP
NA19756	M	MXL	AMR	KGP
NA19757	M	MXL	AMR	KGP
NA19758	F	MXL	AMR	KGP
NA19759	M	MXL	AMR	KGP
NA19760	F	MXL	AMR	KGP
NA19761	F	MXL	AMR	KGP
NA19762	M	MXL	AMR	KGP
NA19763	F	MXL	AMR	KGP
NA19764	F	MXL	AMR	KGP
NA19770	F	MXL	AMR	KGP
NA19771	M	MXL	AMR	KGP
NA19772	M	MXL	AMR	KGP
NA19773	F	MXL	AMR	KGP
NA19774	M	MXL	AMR	KGP
NA19775	F	MXL	AMR	KGP
NA19776	F	MXL	AMR	KGP
NA19777	M	MXL	AMR	KGP
NA19778	M	MXL	AMR	KGP
NA19779	F	MXL	AMR	KGP
NA19780	M	MXL	AMR	KGP
NA19781	F	MXL	AMR	KGP
NA19782	F	MXL	AMR	KGP
NA19783	M	MXL	AMR	KGP
NA19784	M	MXL	AMR	KGP
NA19785	F	MXL	AMR	KGP
NA19786	M	MXL	AMR	KGP
NA19787	M	MXL	AMR	KGP
NA19788	F	MXL	AMR	KGP
NA19789	M	MXL	AMR	KGP
NA19790	F	MXL	AMR	KGP
NA19792	M	MXL	AMR	KGP
NA19794	F	MXL	AMR	KGP
NA19795	M	MXL	AMR	KGP
NA19796	M	MXL	AMR	KGP
NA19818	M	ASW	AFR	KGP
NA19819	F	ASW	AFR	KGP
NA19828	M	ASW	AFR	KGP
NA19834	M	ASW	AFR	KGP
NA19835	F	ASW	AFR	KGP
NA19836	F	ASW	AFR	KGP
NA19900	M	ASW	AFR	KGP
NA19901	F	ASW	AFR	KGP
NA19902	F	ASW	AFR	KGP
NA19904	M	ASW	AFR	KGP
NA19908	M	ASW	AFR	KGP
NA19909	F	ASW	AFR	KGP
NA19913	F	ASW	AFR	KGP
NA19914	F	ASW	AFR	KGP
NA19916	M	ASW	AFR	KGP
NA19917	F	ASW	AFR	KGP
NA19918	M	ASW	AFR	KGP
NA19919	M	ASW	AFR	KGP
NA19920	M	ASW	AFR	KGP
NA19921	F	ASW	AFR	KGP
NA19922	M	ASW	AFR	KGP
NA19923	F	ASW	AFR	KGP
NA19924	F	ASW	AFR	KGP
NA19982	M	ASW	AFR	KGP
NA19983	F	ASW	AFR	KGP
NA19984	M	ASW	AFR	KGP
NA20126	M	ASW	AFR	KGP
NA20127	F	ASW	AFR	KGP
NA20128	F	ASW	AFR	KGP
NA20129	F	ASW	AFR	KGP
NA20274	F	ASW	AFR	KGP
NA20276	F	ASW	AFR	KGP
NA20278	M	ASW	AFR	KGP
NA20279	M	ASW	AFR	KGP
NA20281	M	ASW	AFR	KGP
NA20282	F	ASW	AFR	KGP
NA20287	F	ASW	AFR	KGP
NA20289	F	ASW	AFR	KGP
NA20291	M	ASW	AFR	KGP
NA20294	F	ASW	AFR	KGP
NA20296	F	ASW	AFR	KGP
NA20298	M	ASW	AFR	KGP
NA20299	F	ASW	AFR	KGP
NA20314	F	ASW	AFR	KGP
NA20317	F	ASW	AFR	KGP
NA20318	M	ASW	AFR	KGP
NA20320	F	ASW	AFR	KGP
NA20321	F	ASW	AFR	KGP
NA20332	F	ASW	AFR	KGP
NA20334	F	ASW	AFR	KGP
NA20339	F	ASW	AFR	KGP
NA20340	M	ASW	AFR	KGP
NA20342	M	ASW	AFR	KGP
NA20346	M	ASW	AFR	KGP
NA20348	M	ASW	AFR	KGP
NA20351	M	ASW	AFR	KGP
NA20355	F	ASW	AFR	KGP
NA20356	M	ASW	AFR	KGP
NA20357	F	ASW	AFR	KGP
NA20358	M	ASW	AFR	KGP
NA20359	F	ASW	AFR	KGP
NA20362	M	ASW	AFR	KGP
NA20412	F	ASW	AFR	KGP
NA20502	F	TSI	EUR	KGP
NA20503	F	TSI	EUR	KGP
NA20504	F	TSI	EUR	KGP
NA20505	F	TSI	EUR	KGP
NA20506	F	TSI	EUR	KGP
NA20507	F	TSI	EUR	KGP
NA20508	F	TSI	EUR	KGP
NA20509	M	TSI	EUR	KGP
NA20510	M	TSI	EUR	KGP
NA20511	M	TSI	EUR	KGP
NA20512	M	TSI	EUR	KGP
NA20513	M	TSI	EUR	KGP
NA20514	F	TSI	EUR	KGP
NA20515	M	TSI	EUR	KGP
NA20516	M	TSI	EUR	KGP
NA20517	F	TSI	EUR	KGP
NA20518	M	TSI	EUR	KGP
NA20519	M	TSI	EUR	KGP
NA20520	M	TSI	EUR	KGP
NA20521	M	TSI	EUR	KGP
NA20522	F	TSI	EUR	KGP
NA20524	M	TSI	EUR	KGP
NA20525	M	TSI	EUR	KGP
NA20527	M	TSI	EUR	KGP
NA20528	M	TSI	EUR	KGP
NA20529	F	TSI	EUR	KGP
NA20530	F	TSI	EUR	KGP
NA20531	F	TSI	EUR	KGP
NA20532	M	TSI	EUR	KGP
NA20533	F	TSI	EUR	KGP
NA20534	M	TSI	EUR	KGP
NA20535	F	TSI	EUR	KGP
NA20536	M	TSI	EUR	KGP
NA20538	M	TSI	EUR	KGP
NA20539	M	TSI	EUR	KGP
NA20540	F	TSI	EUR	KGP
NA20541	F	TSI	EUR	KGP
NA20542	F	TSI	EUR	KGP
NA20543	M	TSI	EUR	KGP
NA20544	M	TSI	EUR	KGP
NA20581	M	TSI	EUR	KGP
NA20582	F	TSI	EUR	KGP
NA20585	F	TSI	EUR	KGP
NA20586	M	TSI	EUR	KGP
NA20587	F	TSI	EUR	KGP
NA20588	M	TSI	EUR	KGP
NA20589	F	TSI	EUR	KGP
NA20752	M	TSI	EUR	KGP
NA20753	F	TSI	EUR	KGP
NA20754	M	TSI	EUR	KGP
NA20755	M	TSI	EUR	KGP
NA20756	F	TSI	EUR	KGP
NA20757	F	TSI	EUR	KGP
NA20758	M	TSI	EUR	KGP
NA20759	M	TSI	EUR	KGP
NA20760	F	TSI	EUR	KGP
NA20761	F	TSI	EUR	KGP
NA20762	M	TSI	EUR	KGP
NA20763	M	TSI	EUR	KGP
NA20764	F	TSI	EUR	KGP
NA20765	M	TSI	EUR	KGP
NA20766	F	TSI	EUR	KGP
NA20767	M	TSI	EUR	KGP
NA20768	F	TSI	EUR	KGP
NA20769	F	TSI	EUR	KGP
NA20770	M	TSI	EUR	KGP
NA20771	F	TSI	EUR	KGP
NA20772	F	TSI	EUR	KGP
NA20773	F	TSI	EUR	KGP
NA20774	F	TSI	EUR	KGP
NA20775	F	TSI	EUR	KGP
NA20778	M	TSI	EUR	KGP
NA20783	M	TSI	EUR	KGP
NA20785	M	TSI	EUR	KGP
NA20786	F	TSI	EUR	KGP
NA20787	M	TSI	EUR	KGP
NA20790	F	TSI	EUR	KGP
NA20792	M	TSI	EUR	KGP
NA20795	F	TSI	EUR	KGP
NA20796	M	TSI	EUR	KGP
NA20797	F	TSI	EUR	KGP
NA20798	M	TSI	EUR	KGP
NA20799	F	TSI	EUR	KGP
NA20800	F	TSI	EUR	KGP
NA20801	M	TSI	EUR	KGP
NA20802	F	TSI	EUR	KGP
NA20803	M	TSI	EUR	KGP
NA20804	F	TSI	EUR	KGP
NA20805	M	TSI	EUR	KGP
NA20806	M	TSI	EUR	KGP
NA20807	F	TSI	EUR	KGP
NA20808	F	TSI	EUR	KGP
NA20809	M	TSI	EUR	KGP
NA20810	M	TSI	EUR	KGP
NA20811	M	TSI	EUR	KGP
NA20812	M	TSI	EUR	KGP
NA20813	F	TSI	EUR	KGP
NA20814	M	TSI	EUR	KGP
NA20815	M	TSI	EUR	KGP
NA20818	F	TSI	EUR	KGP
NA20819	F	TSI	EUR	KGP
NA20821	F	TSI	EUR	KGP
NA20822	F	TSI	EUR	KGP
NA20826	F	TSI	EUR	KGP
NA20827	M	TSI	EUR	KGP
NA20828	F	TSI	EUR	KGP
NA20832	F	TSI	EUR	KGP
NA20845	M	GIH	SAS	KGP
NA20846	M	GIH	SAS	KGP
NA20847	F	GIH	SAS	KGP
NA20849	F	GIH	SAS	KGP
NA20850	M	GIH	SAS	KGP
NA20851	F	GIH	SAS	KGP
NA20852	M	GIH	SAS	KGP
NA20853	F	GIH	SAS	KGP
NA20854	F	GIH	SAS	KGP
NA20856	F	GIH	SAS	KGP
NA20858	M	GIH	SAS	KGP
NA20859	F	GIH	SAS	KGP
NA20861	M	GIH	SAS	KGP
NA20862	F	GIH	SAS	KGP
NA20863	M	GIH	SAS	KGP
NA20864	M	GIH	SAS	KGP
NA20866	M	GIH	SAS	KGP
NA20867	M	GIH	SAS	KGP
NA20868	F	GIH	SAS	KGP
NA20869	F	GIH	SAS	KGP
NA20870	M	GIH	SAS	KGP
NA20872	F	GIH	SAS	KGP
NA20874	F	GIH	SAS	KGP
NA20875	F	GIH	SAS	KGP
NA20876	F	GIH	SAS	KGP
NA20877	F	GIH	SAS	KGP
NA20878	F	GIH	SAS	KGP
NA20881	F	GIH	SAS	KGP
NA20882	F	GIH	SAS	KGP
NA20884	M	GIH	SAS	KGP
NA20885	M	GIH	SAS	KGP
NA20886	F	GIH	SAS	KGP
NA20887	M	GIH	SAS	KGP
NA20888	F	GIH	SAS	KGP
NA20889	M	GIH	SAS	KGP
NA20890	M	GIH	SAS	KGP
NA20891	M	GIH	SAS	KGP
NA20892	F	GIH	SAS	KGP
NA20894	F	GIH	SAS	KGP
NA20895	M	GIH	SAS	KGP
NA20896	F	GIH	SAS	KGP
NA20897	M	GIH	SAS	KGP
NA20899	F	GIH	SAS	KGP
NA20900	F	GIH	SAS	KGP
NA20901	M	GIH	SAS	KGP
NA20902	F	GIH	SAS	KGP
NA20903	M	GIH	SAS	KGP
NA20904	M	GIH	SAS	KGP
NA20905	M	GIH	SAS	KGP
NA20906	F	GIH	SAS	KGP
NA20908	F	GIH	SAS	KGP
NA20910	F	GIH	SAS	KGP
NA20911	M	GIH	SAS	KGP
NA21086	F	GIH	SAS	KGP
NA21087	M	GIH	SAS	KGP
NA21088	F	GIH	SAS	KGP
NA21089	F	GIH	SAS	KGP
NA21090	M	GIH	SAS	KGP
NA21091	M	GIH	SAS	KGP
NA21092	M	GIH	SAS	KGP
NA21093	M	GIH	SAS	KGP
NA21094	M	GIH	SAS	KGP
NA21095	M	GIH	SAS	KGP
NA21097	F	GIH	SAS	KGP
NA21098	M	GIH	SAS	KGP
NA21099	M	GIH	SAS	KGP
NA21100	M	GIH	SAS	KGP
NA21101	F	GIH	SAS	KGP
NA21102	F	GIH	SAS	KGP
NA21103	F	GIH	SAS	KGP
NA21104	M	GIH	SAS	KGP
NA21105	M	GIH	SAS	KGP
NA21106	F	GIH	SAS	KGP
NA21107	M	GIH	SAS	KGP
NA21108	F	GIH	SAS	KGP
NA21109	M	GIH	SAS	KGP
NA21110	F	GIH	SAS	KGP
NA21111	M	GIH	SAS	KGP
NA21112	M	GIH	SAS	KGP
NA21113	M	GIH	SAS	KGP
NA21114	M	GIH	SAS	KGP
NA21115	M	GIH	SAS	KGP
NA21116	M	GIH	SAS	KGP
NA21117	M	GIH	SAS	KGP
NA21118	M	GIH	SAS	KGP
NA21119	M	GIH	SAS	KGP
NA21120	F	GIH	SAS	KGP
NA21122	F	GIH	SAS	KGP
NA21123	M	GIH	SAS	KGP
NA21124	M	GIH	SAS	KGP
NA21125	F	GIH	SAS	KGP
NA21126	M	GIH	SAS	KGP
NA21127	M	GIH	SAS	KGP
NA21128	M	GIH	SAS	KGP
NA21129	M	GIH	SAS	KGP
NA21130	M	GIH	SAS	KGP
NA21133	M	GIH	SAS	KGP
NA21135	M	GIH	SAS	KGP
NA21137	F	GIH	SAS	KGP
NA21141	F	GIH	SAS	KGP
NA21142	F	GIH	SAS	KGP
NA21143	F	GIH	SAS	KGP
NA21144	F	GIH	SAS	KGP
